MJD,m,dm,F,r,delta,alpha
57229.49100061111,17.945,0.141,o,18.15,17.456,2.388
57229.49318861111,17.784,0.128,o,18.15,17.456,2.387
57229.514767611116,17.899,0.083,o,18.15,17.456,2.387
57229.54181061111,18.083,0.097,o,18.15,17.455,2.386
57246.461080611116,18.565,0.103,c,18.162,17.289,1.668
57246.466937611105,18.243,0.093,c,18.162,17.289,1.668
57246.50262561111,18.597,0.122,c,18.162,17.289,1.666
57313.39953061111,18.176,0.131,c,18.206,17.403,1.898
57330.396037611106,18.073,0.153,o,18.216,17.624,2.542
57356.28648461111,18.316,0.137,o,18.233,18.05,3.06
57356.2947286111,17.983,0.107,o,18.233,18.05,3.06
57356.30296161111,18.391,0.146,o,18.233,18.05,3.06
57357.24901361111,18.311,0.117,o,18.233,18.067,3.068
57357.26295461111,18.413,0.143,o,18.233,18.067,3.068
57357.27884661111,18.508,0.145,o,18.234,18.067,3.068
57357.29594961111,18.213,0.12,o,18.234,18.067,3.068
57358.2451026111,18.246,0.143,o,18.234,18.084,3.074
57358.2585776111,18.322,0.132,o,18.234,18.084,3.074
57358.27324661112,18.223,0.121,o,18.234,18.085,3.074
57358.28916761111,18.36,0.141,o,18.234,18.085,3.074
57359.25549461111,18.167,0.139,o,18.235,18.102,3.08
57359.26699061111,18.16,0.143,o,18.235,18.102,3.08
57574.61047061111,18.386,0.103,c,18.363,18.012,3.007
57578.600068611115,18.421,0.095,c,18.366,17.952,2.932
57591.54015661111,17.864,0.152,o,18.373,17.77,2.596
57607.527674611105,18.606,0.1,c,18.382,17.586,2.004
57607.54354861111,18.575,0.103,c,18.382,17.586,2.003
57611.503778611106,18.267,0.109,o,18.384,17.548,1.83
57611.52845861111,18.358,0.143,o,18.384,17.548,1.829
57611.54038461111,18.176,0.111,o,18.384,17.548,1.829
57611.5537626111,18.229,0.117,o,18.384,17.548,1.828
57611.5764276111,18.121,0.093,o,18.384,17.548,1.827
57630.47884961111,18.265,0.077,c,18.394,17.425,0.904
57630.484499611106,18.225,0.079,c,18.394,17.425,0.904
57630.508006611104,18.424,0.099,c,18.394,17.425,0.903
57630.5183296111,18.487,0.104,c,18.394,17.425,0.902
57630.53405561111,18.214,0.088,c,18.394,17.425,0.901
57638.45836061112,18.423,0.099,c,18.399,17.403,0.5
57638.46335761111,18.465,0.094,c,18.399,17.403,0.499
57638.48632261111,18.411,0.095,c,18.399,17.403,0.498
57638.49666861112,18.308,0.092,c,18.399,17.403,0.498
57638.51186261111,18.348,0.096,c,18.399,17.403,0.497
57650.463087611104,17.903,0.143,o,18.405,17.406,0.33
57650.47060161111,17.988,0.152,o,18.405,17.406,0.33
57650.48605561112,18.045,0.154,o,18.405,17.406,0.331
57658.40729461111,18.287,0.091,c,18.409,17.432,0.705
57658.42454561111,18.326,0.107,c,18.409,17.432,0.706
57670.381548611105,18.084,0.099,o,18.416,17.506,1.313
57670.396786611105,18.496,0.136,o,18.416,17.506,1.313
57670.41585861111,18.305,0.104,o,18.416,17.506,1.314
57670.4272146111,18.205,0.088,o,18.416,17.506,1.315
57670.43218261111,18.039,0.082,o,18.416,17.506,1.315
57672.399798611106,18.049,0.131,o,18.417,17.522,1.411
57672.41066161111,18.173,0.152,o,18.417,17.522,1.412
57672.432707611115,17.908,0.129,o,18.417,17.523,1.413
57680.37554361112,18.178,0.134,o,18.421,17.598,1.783
57680.42640561111,18.118,0.137,o,18.421,17.599,1.785
57688.365513611105,18.366,0.111,c,18.425,17.69,2.12
57688.38160961111,18.48,0.106,c,18.425,17.69,2.12
57688.39697161111,18.453,0.123,c,18.425,17.69,2.121
57688.41276061111,18.367,0.109,c,18.425,17.69,2.121
57688.429998611115,18.386,0.127,c,18.425,17.691,2.122
57692.35504361111,18.483,0.113,c,18.427,17.741,2.272
57692.36994761111,18.552,0.131,c,18.427,17.741,2.272
57696.34829761112,18.416,0.107,c,18.43,17.796,2.412
57696.3628006111,18.399,0.113,c,18.43,17.796,2.412
57696.37739061111,18.402,0.111,c,18.43,17.796,2.413
57696.39244261111,18.278,0.115,c,18.43,17.796,2.413
57696.407614611104,18.336,0.112,c,18.43,17.796,2.414
57700.37569461111,17.821,0.144,o,18.432,17.854,2.54
57744.244401611104,18.248,0.11,c,18.454,18.598,3.009
57744.25635661111,18.188,0.117,c,18.454,18.599,3.009
57744.292637611106,18.302,0.121,c,18.454,18.599,3.008
57935.60617261111,18.393,0.11,o,18.546,18.324,3.085
57935.614824611104,18.353,0.102,o,18.546,18.324,3.085
57941.547363611106,18.08,0.083,o,18.549,18.231,3.01
57941.553765611105,18.591,0.123,o,18.549,18.231,3.01
57941.562103611104,18.414,0.124,o,18.549,18.231,3.01
57941.56959261112,18.515,0.127,o,18.549,18.23,3.01
57942.56449961111,18.341,0.129,o,18.549,18.215,2.994
57942.57288561111,18.28,0.116,o,18.549,18.215,2.994
57942.581278611106,18.45,0.152,o,18.549,18.215,2.994
57942.589676611104,18.379,0.134,o,18.549,18.215,2.994
57945.56340961111,18.411,0.096,o,18.551,18.169,2.942
57945.57196061111,18.269,0.105,o,18.551,18.169,2.942
57945.580436611104,18.503,0.144,o,18.551,18.169,2.942
57945.5889406111,18.112,0.098,o,18.551,18.169,2.941
57951.59512561111,18.33,0.1,o,18.553,18.08,2.814
57951.60539561111,18.34,0.088,o,18.553,18.079,2.814
57951.61513661111,18.424,0.092,o,18.553,18.079,2.813
57951.6260296111,18.254,0.117,o,18.553,18.079,2.813
57955.58621261111,18.361,0.087,o,18.555,18.023,2.713
57955.59664561111,18.397,0.089,o,18.555,18.023,2.712
57955.60812661111,18.457,0.109,o,18.555,18.022,2.712
57955.618390611104,18.357,0.13,o,18.555,18.022,2.712
57959.575805611115,18.297,0.072,o,18.557,17.968,2.598
57959.57727061111,18.148,0.078,o,18.557,17.968,2.598
57959.58819561111,18.204,0.092,o,18.557,17.968,2.598
57959.5984656111,18.609,0.111,o,18.557,17.968,2.598
57961.59404661111,18.243,0.055,o,18.558,17.942,2.536
57961.598277611105,18.343,0.062,o,18.558,17.942,2.536
57961.606570611104,18.489,0.096,o,18.558,17.942,2.535
57961.61353361111,18.226,0.077,o,18.558,17.941,2.535
57961.61402161111,18.322,0.129,o,18.558,17.941,2.535
57961.6228766111,18.465,0.088,o,18.558,17.941,2.535
57963.53283261111,18.364,0.088,o,18.559,17.917,2.473
57963.54128361111,18.254,0.076,o,18.559,17.917,2.472
57963.54972161111,18.18,0.068,o,18.559,17.917,2.472
57963.55812161111,18.31,0.073,o,18.559,17.917,2.472
57967.55068661111,18.328,0.074,o,18.561,17.867,2.333
57967.56119561111,18.208,0.066,o,18.561,17.867,2.333
57967.571040611096,18.235,0.061,o,18.561,17.867,2.333
57967.581854611104,18.339,0.063,o,18.561,17.867,2.332
57969.542318611115,18.287,0.079,o,18.561,17.844,2.26
57969.54697261111,18.197,0.066,o,18.561,17.844,2.26
57969.552501611106,18.233,0.069,o,18.561,17.844,2.26
57969.556926611105,18.178,0.064,o,18.561,17.844,2.259
57969.561722611106,18.339,0.06,o,18.561,17.844,2.259
57969.56577361111,18.265,0.061,o,18.561,17.844,2.259
57969.57093861111,18.261,0.056,o,18.561,17.844,2.259
57969.57496461111,18.233,0.064,o,18.561,17.844,2.259
57973.46163061111,18.183,0.115,o,18.563,17.801,2.108
57973.49127661111,18.066,0.117,o,18.563,17.8,2.107
57974.503310611115,18.138,0.109,o,18.564,17.79,2.066
57974.51362661111,18.321,0.09,o,18.564,17.79,2.065
57974.52323661111,18.135,0.105,o,18.564,17.789,2.065
57974.532510611105,18.227,0.115,o,18.564,17.789,2.064
57978.54884261111,18.202,0.075,o,18.565,17.749,1.896
57978.562774611106,18.194,0.07,o,18.565,17.749,1.895
57978.571711611105,18.279,0.087,o,18.565,17.749,1.894
57978.580660611115,18.15,0.076,o,18.565,17.749,1.894
57980.53361261111,18.075,0.067,o,18.566,17.731,1.808
57980.54249061111,18.094,0.075,o,18.566,17.731,1.808
57980.55131161111,18.119,0.068,o,18.566,17.731,1.808
57980.56025861111,18.145,0.075,o,18.566,17.73,1.807
57982.545101611104,18.435,0.065,c,18.567,17.713,1.718
57982.55493361111,18.467,0.063,c,18.567,17.713,1.718
57982.564038611104,18.495,0.064,c,18.567,17.713,1.717
57982.573592611116,18.493,0.072,c,18.567,17.713,1.717
57986.53559061111,18.53,0.07,c,18.569,17.681,1.533
57986.544808611114,18.484,0.063,c,18.569,17.681,1.532
57986.55437161111,18.527,0.067,c,18.569,17.681,1.532
57988.5152406111,18.171,0.085,o,18.57,17.666,1.438
57988.524153611106,18.337,0.09,o,18.57,17.666,1.438
57988.53306761111,18.321,0.095,o,18.57,17.666,1.437
57988.54191361111,18.354,0.09,o,18.57,17.666,1.437
57992.447876611106,18.129,0.065,o,18.571,17.641,1.245
57992.452000611105,18.261,0.102,o,18.571,17.641,1.245
57992.45502261111,18.19,0.072,o,18.571,17.641,1.245
57992.45909961111,18.097,0.088,o,18.571,17.641,1.244
57992.46224561111,18.043,0.072,o,18.571,17.641,1.244
57992.4627546111,18.204,0.093,o,18.571,17.641,1.244
57992.464255611114,18.339,0.092,o,18.571,17.641,1.244
57992.46676761111,18.072,0.074,o,18.571,17.641,1.244
57992.469366611105,18.096,0.073,o,18.571,17.641,1.244
57992.4698786111,18.084,0.062,o,18.571,17.641,1.244
57992.47137761111,18.177,0.071,o,18.571,17.64,1.244
57992.47399661111,18.216,0.078,o,18.571,17.64,1.244
57992.477015611104,18.057,0.071,o,18.571,17.64,1.244
57992.4790536111,18.103,0.075,o,18.571,17.64,1.244
57992.48416761112,18.213,0.079,o,18.571,17.64,1.243
57992.48623261111,18.175,0.08,o,18.571,17.64,1.243
57994.485317611114,18.171,0.055,o,18.572,17.629,1.143
57994.493264611105,18.222,0.048,o,18.572,17.629,1.143
57994.501717611114,18.22,0.051,o,18.572,17.629,1.142
57994.5099276111,18.212,0.06,o,18.572,17.629,1.142
57998.441448611105,18.1,0.087,o,18.574,17.61,0.942
57998.449075611104,18.171,0.079,o,18.574,17.61,0.942
57998.44958261111,18.126,0.079,o,18.574,17.61,0.942
57998.4567026111,18.111,0.082,o,18.574,17.61,0.941
57998.4572166111,18.016,0.069,o,18.574,17.61,0.941
57998.46430861111,17.963,0.067,o,18.574,17.61,0.941
57998.464854611106,18.128,0.079,o,18.574,17.61,0.941
57998.4725146111,18.078,0.083,o,18.574,17.61,0.94
58000.3991146111,17.831,0.116,o,18.575,17.602,0.842
58000.409257611114,18.117,0.148,o,18.575,17.602,0.841
58000.41171061111,18.064,0.137,o,18.575,17.602,0.841
58000.415526611105,17.947,0.128,o,18.575,17.602,0.841
58000.417954611105,17.938,0.126,o,18.575,17.602,0.841
58000.42180561111,17.934,0.107,o,18.575,17.602,0.84
58008.44271061111,18.015,0.079,o,18.578,17.581,0.436
58008.444618611116,17.843,0.082,o,18.578,17.581,0.436
58008.449465611106,18.018,0.081,o,18.578,17.581,0.436
58010.42538761111,18.033,0.044,o,18.579,17.579,0.346
58010.4321546111,18.054,0.053,o,18.579,17.579,0.346
58010.439456611115,17.97,0.054,o,18.579,17.579,0.345
58010.4462276111,18.036,0.05,o,18.579,17.579,0.345
58012.41287361111,18.005,0.081,o,18.58,17.578,0.269
58012.432209611114,18.114,0.138,o,18.58,17.578,0.269
58016.4065796111,17.967,0.07,o,18.582,17.58,0.224
58016.410952611106,17.921,0.1,o,18.582,17.58,0.224
58016.41334561111,17.912,0.07,o,18.582,17.58,0.224
58016.4176036111,17.869,0.077,o,18.582,17.58,0.224
58016.42057061111,17.847,0.058,o,18.582,17.58,0.224
58016.430725611106,17.967,0.072,o,18.582,17.58,0.224
58018.40654961111,18.2,0.049,c,18.583,17.583,0.275
58018.41326861111,18.186,0.048,c,18.583,17.583,0.275
58018.41798261112,18.124,0.05,c,18.583,17.583,0.275
58018.428639611106,18.332,0.052,c,18.583,17.583,0.275
58022.386425611105,18.097,0.051,o,18.584,17.592,0.444
58022.390534611106,18.082,0.047,o,18.584,17.592,0.444
58022.3971016111,18.093,0.052,o,18.584,17.592,0.444
58022.40335961111,18.138,0.051,o,18.584,17.592,0.445
58024.38065761111,18.021,0.071,o,18.585,17.598,0.542
58024.38819961111,18.296,0.093,o,18.585,17.598,0.542
58024.39528061111,18.051,0.071,o,18.585,17.598,0.542
58024.39626961111,18.006,0.082,o,18.585,17.598,0.542
58024.40335761112,17.934,0.064,o,18.585,17.598,0.543
58024.40471161111,18.053,0.074,o,18.585,17.598,0.543
58024.41239861111,17.993,0.07,o,18.585,17.598,0.543
58024.413314611105,18.019,0.073,o,18.585,17.598,0.543
58026.38545861111,18.142,0.07,o,18.586,17.605,0.642
58026.393176611105,18.043,0.055,o,18.586,17.605,0.643
58026.39683761111,18.02,0.065,o,18.586,17.605,0.643
58026.406952611105,18.128,0.08,o,18.586,17.605,0.644
58028.37429061111,17.993,0.11,o,18.587,17.614,0.744
58028.38179461111,18.105,0.112,o,18.587,17.614,0.744
58028.38975961111,18.053,0.103,o,18.587,17.614,0.745
58028.397878611104,18.248,0.139,o,18.587,17.614,0.745
58032.45790561111,18.001,0.155,o,18.588,17.635,0.953
58032.4755266111,17.913,0.147,o,18.588,17.635,0.954
58033.38023561111,17.803,0.127,o,18.589,17.641,1.0
58033.38211361111,18.2,0.152,o,18.589,17.641,1.0
58033.3863666111,18.388,0.153,o,18.589,17.641,1.0
58033.38825661111,17.942,0.095,o,18.589,17.641,1.0
58033.393008611114,17.977,0.115,o,18.589,17.641,1.0
58033.394941611106,18.318,0.155,o,18.589,17.641,1.0
58034.36932561111,18.06,0.118,o,18.589,17.647,1.05
58034.37125861111,18.065,0.089,o,18.589,17.647,1.05
58034.37644861112,18.167,0.105,o,18.589,17.647,1.05
58034.3782856111,18.463,0.15,o,18.589,17.647,1.05
58034.383493611116,18.2,0.095,o,18.589,17.647,1.05
58034.38717361111,18.206,0.087,o,18.589,17.647,1.051
58034.38854361111,18.178,0.079,o,18.589,17.647,1.051
58034.389912611114,18.194,0.091,o,18.589,17.647,1.051
58035.3745966111,18.078,0.099,o,18.59,17.654,1.1
58036.3692646111,18.133,0.071,o,18.59,17.66,1.15
58036.376390611105,18.298,0.093,o,18.59,17.66,1.151
58036.38367161111,18.235,0.093,o,18.59,17.66,1.151
58036.3911006111,18.184,0.09,o,18.59,17.66,1.152
58037.36660761111,18.186,0.071,o,18.591,17.667,1.2
58037.37377361111,18.261,0.08,o,18.591,17.667,1.201
58037.3808766111,18.234,0.089,o,18.591,17.667,1.201
58037.39210561112,18.111,0.071,o,18.591,17.668,1.202
58044.35125261111,18.234,0.091,o,18.593,17.725,1.538
58044.355047611105,18.141,0.094,o,18.593,17.725,1.538
58044.3621766111,18.52,0.142,o,18.593,17.725,1.539
58044.365512611104,18.157,0.118,o,18.593,17.725,1.539
58044.36930161111,18.111,0.139,o,18.593,17.725,1.539
58044.37645261111,18.353,0.098,o,18.593,17.725,1.54
58048.3440766111,18.216,0.072,o,18.595,17.763,1.722
58048.347850611106,18.239,0.082,o,18.595,17.763,1.722
58048.35116361111,18.281,0.085,o,18.595,17.763,1.722
58048.3549766111,18.004,0.066,o,18.595,17.763,1.722
58048.35830961111,18.323,0.091,o,18.595,17.763,1.722
58048.362075611105,18.225,0.077,o,18.595,17.763,1.722
58048.36541261111,18.172,0.083,o,18.595,17.764,1.722
58048.36925661111,18.243,0.093,o,18.595,17.764,1.723
58054.335037611105,17.8,0.073,o,18.598,17.829,1.979
58054.34210961111,17.998,0.075,o,18.598,17.829,1.98
58054.3492736111,18.192,0.088,o,18.598,17.829,1.98
58056.3164416111,18.077,0.126,o,18.598,17.852,2.06
58056.32373361111,18.135,0.13,o,18.598,17.852,2.06
58056.325563611106,18.212,0.13,o,18.598,17.852,2.06
58056.33085761111,18.081,0.101,o,18.598,17.852,2.06
58056.3327276111,18.342,0.148,o,18.598,17.852,2.06
58056.337875611105,18.194,0.137,o,18.598,17.853,2.06
58062.32375861111,18.223,0.107,o,18.601,17.929,2.286
58062.33037261111,18.363,0.131,o,18.601,17.929,2.286
58062.33766461111,18.477,0.128,o,18.601,17.929,2.287
58062.34428861111,18.246,0.119,o,18.601,17.929,2.287
58064.322557611114,18.279,0.11,o,18.602,17.956,2.356
58064.3304916111,18.375,0.118,o,18.602,17.956,2.356
58064.33844961111,18.194,0.104,o,18.602,17.956,2.356
58064.34657461111,18.534,0.125,o,18.602,17.956,2.357
58066.32099661112,18.523,0.075,o,18.603,17.984,2.422
58066.32897061111,18.487,0.072,o,18.603,17.984,2.423
58066.337101611105,18.365,0.074,o,18.603,17.984,2.423
58066.34504861111,18.413,0.085,o,18.603,17.984,2.423
58068.316093611116,18.206,0.107,o,18.603,18.013,2.486
58068.3233416111,18.33,0.086,o,18.603,18.013,2.486
58068.33042661111,18.48,0.094,o,18.603,18.013,2.486
58068.33768661111,18.264,0.079,o,18.603,18.013,2.486
58070.312076611095,18.332,0.071,o,18.604,18.042,2.546
58070.31909861111,18.373,0.064,o,18.604,18.042,2.546
58070.32626861111,18.338,0.069,o,18.604,18.042,2.546
58070.333362611105,18.321,0.056,o,18.604,18.042,2.547
58072.30592161111,18.25,0.076,o,18.605,18.072,2.603
58072.313950611104,18.447,0.098,o,18.605,18.072,2.603
58072.32219061111,18.296,0.071,o,18.605,18.072,2.603
58074.3073046111,18.589,0.075,c,18.606,18.103,2.656
58074.31536961111,18.604,0.076,c,18.606,18.103,2.656
58074.32340961112,18.613,0.067,c,18.606,18.103,2.657
58074.3315296111,18.677,0.077,c,18.606,18.103,2.657
58076.31397061112,18.368,0.117,o,18.607,18.134,2.707
58078.30126961111,18.708,0.072,c,18.607,18.166,2.753
58078.30923461111,18.573,0.064,c,18.607,18.166,2.753
58078.32520061111,18.664,0.068,c,18.607,18.166,2.754
58080.289175611106,18.406,0.106,o,18.608,18.198,2.796
58080.29723261111,18.481,0.096,o,18.608,18.198,2.796
58080.30530861111,18.323,0.083,o,18.608,18.198,2.796
58080.31340861111,18.258,0.076,o,18.608,18.198,2.796
58082.28261861111,18.428,0.099,c,18.609,18.231,2.835
58082.29052861111,18.558,0.105,c,18.609,18.231,2.835
58082.30657461111,18.436,0.104,c,18.609,18.231,2.836
58092.279976611106,18.059,0.111,o,18.613,18.4,2.978
58092.288337611106,18.275,0.119,o,18.613,18.4,2.978
58096.268114611106,18.601,0.092,o,18.615,18.47,3.01
58096.275076611106,18.539,0.096,o,18.615,18.47,3.01
58096.28201561111,18.326,0.094,o,18.615,18.47,3.01
58096.289023611105,18.347,0.094,o,18.615,18.47,3.01
58098.2808026111,18.475,0.115,o,18.615,18.505,3.02
58098.28773461111,18.425,0.138,o,18.615,18.505,3.02
58110.25241761111,18.647,0.103,c,18.62,18.717,3.004
58116.22579261111,18.395,0.146,o,18.623,18.82,2.947
58116.23389361111,18.153,0.121,o,18.623,18.821,2.947
58116.247973611105,18.38,0.146,o,18.623,18.821,2.947
58122.21290961111,18.573,0.128,o,18.625,18.922,2.86
58122.22164261111,18.321,0.098,o,18.625,18.922,2.86
58122.229962611105,18.507,0.123,o,18.625,18.922,2.86
58122.2379266111,18.645,0.136,o,18.625,18.923,2.86
58124.21451261111,18.383,0.088,o,18.626,18.955,2.824
58124.2188766111,18.417,0.087,o,18.626,18.956,2.824
58124.230238611104,18.545,0.089,o,18.626,18.956,2.824
58124.237954611104,18.497,0.108,o,18.626,18.956,2.824
58128.25195961111,18.448,0.119,o,18.627,19.021,2.742
58130.22240161111,18.318,0.085,o,18.628,19.053,2.697
58130.230628611105,18.708,0.13,o,18.628,19.053,2.697
58130.23887061111,18.46,0.106,o,18.628,19.053,2.697
58130.24557261111,18.54,0.103,o,18.628,19.053,2.697
58132.24270761111,18.448,0.128,o,18.629,19.084,2.648
58132.250249611105,18.573,0.136,o,18.629,19.085,2.648
58132.25722161111,18.471,0.125,o,18.629,19.085,2.648
58134.23050361111,18.724,0.127,c,18.63,19.115,2.597
58134.26024661111,18.69,0.129,c,18.63,19.116,2.596
58136.246432611115,18.497,0.146,o,18.63,19.145,2.542
58136.254810611106,18.661,0.146,o,18.63,19.146,2.542
58136.261835611105,18.274,0.11,o,18.63,19.146,2.542
58298.571056611116,18.498,0.127,o,18.689,18.567,3.106
58298.57894461111,18.773,0.132,o,18.689,18.567,3.106
58298.58679461111,18.543,0.141,o,18.689,18.567,3.106
58298.5947256111,18.321,0.105,o,18.689,18.566,3.105
58324.586238611104,18.401,0.122,o,18.698,18.165,2.69
58324.59640861111,18.406,0.114,o,18.698,18.165,2.689
58324.6071796111,18.545,0.113,o,18.698,18.165,2.689
58336.603863611104,18.469,0.095,o,18.702,18.008,2.31
58336.61457161111,18.261,0.08,o,18.702,18.008,2.31
58336.625777611094,18.346,0.132,o,18.702,18.008,2.31
58338.6127156111,18.733,0.076,c,18.703,17.984,2.237
58338.62543461111,18.496,0.078,c,18.703,17.984,2.236
58342.59916561111,18.541,0.061,c,18.704,17.939,2.082
58342.610101611106,18.459,0.066,c,18.704,17.939,2.082
58342.62109761111,18.682,0.079,c,18.704,17.939,2.081
58344.581455611115,18.102,0.131,o,18.704,17.919,2.002
58348.55813961111,18.549,0.114,o,18.706,17.879,1.832
58348.56414461112,18.305,0.075,o,18.706,17.879,1.832
58348.56908461111,18.288,0.094,o,18.706,17.879,1.832
58348.57507261111,18.359,0.078,o,18.706,17.879,1.832
58348.579511611104,18.355,0.108,o,18.706,17.879,1.832
58348.586188611116,18.304,0.075,o,18.706,17.879,1.831
58348.592055611116,18.186,0.095,o,18.706,17.879,1.831
58348.5996046111,18.358,0.097,o,18.706,17.879,1.831
58350.562711611106,18.32,0.092,o,18.706,17.861,1.744
58350.58365161111,18.363,0.143,o,18.706,17.861,1.743
58350.59441661111,18.341,0.07,o,18.706,17.861,1.742
58360.54406961112,18.086,0.124,o,18.71,17.785,1.273
58362.5426796111,18.287,0.102,o,18.71,17.773,1.174
58362.5483546111,18.055,0.076,o,18.71,17.773,1.174
58362.553346611116,18.257,0.1,o,18.71,17.772,1.174
58362.55912561111,18.249,0.087,o,18.71,17.772,1.173
58362.56353861111,18.114,0.068,o,18.71,17.772,1.173
58362.5692916111,18.34,0.101,o,18.71,17.772,1.173
58362.574272611106,18.259,0.091,o,18.71,17.772,1.172
58362.58003661111,18.221,0.101,o,18.71,17.772,1.172
58364.5360526111,18.172,0.087,o,18.711,17.762,1.074
58364.54677461111,18.115,0.082,o,18.711,17.762,1.073
58364.557013611106,18.019,0.077,o,18.711,17.761,1.073
58364.567650611105,18.312,0.092,o,18.711,17.761,1.072
58370.524404611104,18.218,0.075,o,18.713,17.735,0.768
58370.53512261111,18.086,0.057,o,18.713,17.735,0.767
58370.5453156111,18.08,0.066,o,18.713,17.735,0.767
58370.556176611106,18.08,0.065,o,18.713,17.735,0.766
58372.515800611116,17.988,0.075,o,18.713,17.729,0.666
58372.52642261111,18.047,0.068,o,18.713,17.729,0.665
58372.536554611106,18.094,0.089,o,18.713,17.729,0.664
58372.547223611116,17.919,0.074,o,18.713,17.729,0.664
58376.48897861111,18.006,0.063,o,18.715,17.72,0.465
58376.490836611105,18.004,0.071,o,18.715,17.72,0.464
58376.499117611114,17.987,0.056,o,18.715,17.72,0.464
58376.50098261111,18.012,0.077,o,18.715,17.72,0.464
58376.50918561111,17.959,0.055,o,18.715,17.72,0.464
58376.5111406111,17.896,0.068,o,18.715,17.72,0.463
58376.5192016111,18.109,0.072,o,18.715,17.72,0.463
58376.52115661111,18.065,0.085,o,18.715,17.72,0.463
58378.49062461111,17.949,0.047,o,18.715,17.717,0.368
58378.50070861111,17.94,0.052,o,18.715,17.717,0.368
58378.51081961111,18.043,0.062,o,18.715,17.717,0.367
58378.520927611105,17.964,0.055,o,18.715,17.717,0.367
58380.479529611104,17.86,0.079,o,18.716,17.715,0.282
58380.48957661111,18.345,0.144,o,18.716,17.715,0.281
58380.499568611114,18.238,0.11,o,18.716,17.715,0.281
58380.50965761111,18.068,0.087,o,18.716,17.715,0.281
58382.4680406111,17.825,0.058,o,18.716,17.715,0.216
58382.478121611115,18.14,0.079,o,18.716,17.715,0.216
58382.488303611106,17.866,0.064,o,18.716,17.715,0.215
58382.49844361111,17.857,0.06,o,18.716,17.715,0.215
58390.46973961111,17.94,0.059,o,18.719,17.725,0.392
58390.47978061112,17.98,0.063,o,18.719,17.725,0.393
58390.4898406111,17.941,0.069,o,18.719,17.725,0.393
58390.49985561112,17.983,0.067,o,18.719,17.725,0.394
58392.473905611114,18.165,0.083,o,18.72,17.731,0.49
58392.48392961111,18.159,0.092,o,18.72,17.731,0.49
58392.493934611106,18.254,0.105,o,18.72,17.731,0.491
58392.50397161111,18.127,0.09,o,18.72,17.731,0.491
58394.45847661111,18.087,0.057,o,18.72,17.737,0.59
58394.46856161111,18.041,0.059,o,18.72,17.737,0.59
58394.47862061111,18.117,0.065,o,18.72,17.737,0.591
58394.48858961111,17.963,0.059,o,18.72,17.737,0.591
58396.44834361111,18.172,0.124,o,18.721,17.745,0.691
58396.45837361111,18.105,0.155,o,18.721,17.745,0.692
58396.468430611116,17.978,0.151,o,18.721,17.745,0.692
58402.45148161111,18.404,0.076,c,18.723,17.776,0.998
58402.45334761112,18.408,0.066,c,18.723,17.776,0.998
58402.4620416111,18.329,0.069,c,18.723,17.776,0.999
58402.463903611104,18.445,0.064,c,18.723,17.776,0.999
58402.47202061111,18.607,0.102,c,18.723,17.776,0.999
58402.47395761111,18.393,0.061,c,18.723,17.776,1.0
58402.482480611114,18.433,0.071,c,18.723,17.776,1.0
58402.48455661111,18.427,0.066,c,18.723,17.776,1.0
58406.417501611104,18.27,0.07,o,18.724,17.803,1.197
58406.42757061111,18.214,0.064,o,18.724,17.803,1.198
58406.43759461111,18.248,0.069,o,18.724,17.803,1.198
58406.44765561111,18.168,0.064,o,18.724,17.803,1.199
58424.3882896111,18.259,0.094,o,18.729,17.975,2.012
58424.39015761111,18.319,0.113,o,18.729,17.975,2.012
58424.39833461111,18.426,0.095,o,18.729,17.975,2.012
58424.4002416111,18.276,0.092,o,18.729,17.975,2.013
58424.410263611106,18.332,0.1,o,18.729,17.975,2.013
58424.422236611106,18.251,0.094,o,18.729,17.975,2.013
58424.42412861111,18.403,0.113,o,18.729,17.975,2.013
58428.37911961111,18.376,0.097,o,18.73,18.024,2.167
58428.38098561111,18.326,0.097,o,18.73,18.024,2.167
58428.38916861111,18.27,0.083,o,18.73,18.024,2.168
58428.39103761111,18.186,0.1,o,18.73,18.024,2.168
58428.399089611106,18.467,0.097,o,18.73,18.024,2.168
58428.401045611114,18.223,0.092,o,18.73,18.024,2.168
58428.40904961111,18.218,0.076,o,18.73,18.024,2.168
58430.3957146111,18.396,0.063,c,18.731,18.05,2.241
58430.4057156111,18.519,0.075,c,18.731,18.05,2.242
58430.41572161111,18.556,0.073,c,18.731,18.05,2.242
58430.42561261111,18.441,0.079,c,18.731,18.05,2.242
58432.36868661111,18.259,0.089,o,18.732,18.076,2.311
58432.374327611105,18.257,0.09,o,18.732,18.076,2.311
58432.37869961111,18.252,0.08,o,18.732,18.076,2.311
58432.38867961111,18.132,0.072,o,18.732,18.076,2.312
58432.3985636111,18.311,0.091,o,18.732,18.076,2.312
58434.37636761112,18.723,0.086,c,18.732,18.104,2.379
58434.3862916111,18.51,0.065,c,18.732,18.104,2.379
58434.39614261112,18.63,0.082,c,18.732,18.104,2.379
58434.40597461111,18.784,0.091,c,18.732,18.104,2.38
58436.345275611115,18.332,0.111,o,18.733,18.131,2.442
58436.35538361112,18.583,0.154,o,18.733,18.132,2.442
58436.365369611114,18.138,0.101,o,18.733,18.132,2.443
58442.34809061111,18.197,0.129,o,18.734,18.22,2.616
58448.33062461111,18.217,0.11,o,18.736,18.314,2.759
58448.342387611105,18.318,0.155,o,18.736,18.314,2.759
58448.3506916111,18.368,0.12,o,18.736,18.315,2.759
58448.352651611116,18.474,0.146,o,18.736,18.315,2.759
58448.36078461111,18.406,0.138,o,18.736,18.315,2.759
58448.36274761111,18.179,0.126,o,18.736,18.315,2.76
58450.327717611115,18.47,0.1,o,18.737,18.347,2.8
58450.3376286111,18.213,0.065,o,18.737,18.347,2.8
58450.34754261111,18.371,0.08,o,18.737,18.347,2.8
58450.35755061111,18.306,0.076,o,18.737,18.347,2.8
58452.323173611105,18.479,0.101,o,18.737,18.379,2.837
58452.33207061111,18.361,0.098,o,18.737,18.38,2.837
58452.34100161111,18.657,0.124,o,18.737,18.38,2.837
58452.350015611104,18.341,0.095,o,18.737,18.38,2.837
58454.32038961111,18.639,0.081,c,18.738,18.413,2.87
58454.32932161111,18.731,0.078,c,18.738,18.413,2.87
58454.33824961111,18.543,0.07,c,18.738,18.413,2.871
58454.347179611104,18.615,0.069,c,18.738,18.413,2.871
58456.293607611115,18.229,0.076,o,18.739,18.446,2.9
58456.30154461111,18.307,0.07,o,18.739,18.446,2.9
58456.30946061111,18.601,0.12,o,18.739,18.446,2.9
58456.31743361111,18.452,0.092,o,18.739,18.446,2.9
58460.28738261111,18.616,0.093,o,18.74,18.514,2.949
58460.295385611105,18.565,0.095,o,18.74,18.514,2.949
58460.30342061111,18.522,0.084,o,18.74,18.514,2.949
58460.31144861111,18.446,0.079,o,18.74,18.515,2.949
58462.29629761111,18.567,0.079,c,18.74,18.549,2.968
58462.30476461111,18.592,0.078,c,18.74,18.549,2.968
58462.31275161111,18.703,0.094,c,18.74,18.549,2.968
58462.321222611106,18.624,0.093,c,18.74,18.549,2.968
58464.268324611105,18.35,0.081,o,18.741,18.583,2.983
58464.27624861111,18.332,0.078,o,18.741,18.583,2.983
58464.28425561111,18.466,0.091,o,18.741,18.583,2.983
58464.292226611105,18.424,0.096,o,18.741,18.584,2.984
58470.27674261112,18.429,0.12,o,18.743,18.688,3.007
58470.281865611105,18.418,0.148,o,18.743,18.688,3.007
58472.26922261111,18.256,0.144,o,18.743,18.723,3.008
58474.26402161111,18.043,0.099,o,18.744,18.758,3.005
58474.27235861111,18.335,0.131,o,18.744,18.759,3.005
58474.27924361111,18.418,0.142,o,18.744,18.759,3.005
58474.285691611105,18.267,0.144,o,18.744,18.759,3.005
58474.28614861111,18.467,0.143,o,18.744,18.759,3.005
58476.23256361111,18.355,0.115,o,18.744,18.793,2.998
58476.239225611105,18.311,0.138,o,18.744,18.793,2.998
58476.252764611105,18.252,0.117,o,18.744,18.793,2.998
58478.22920761111,18.388,0.063,o,18.745,18.828,2.988
58478.236176611106,18.499,0.114,o,18.745,18.828,2.988
58478.24981061111,18.283,0.09,o,18.745,18.828,2.988
58480.21438161111,18.241,0.089,o,18.745,18.862,2.974
58480.23073361111,18.348,0.11,o,18.745,18.863,2.974
58486.252226611105,18.763,0.103,c,18.747,18.966,2.912
58486.260654611106,18.694,0.107,c,18.747,18.967,2.912
58486.26863861111,18.793,0.093,c,18.747,18.967,2.912
58486.27708661112,18.764,0.114,c,18.747,18.967,2.912
58488.2040146111,18.43,0.154,o,18.748,19.0,2.885
58488.21091761111,18.618,0.125,o,18.748,19.0,2.885
58488.219197611106,18.521,0.103,o,18.748,19.0,2.884
58488.22720061111,18.493,0.105,o,18.748,19.0,2.884
58490.2391526111,18.754,0.119,c,18.748,19.034,2.853
58490.2477796111,18.702,0.106,c,18.748,19.034,2.853
58490.25591061111,18.709,0.11,c,18.748,19.034,2.853
58490.2643546111,18.516,0.091,c,18.748,19.034,2.853
58492.22265861111,18.425,0.098,o,18.749,19.067,2.819
58492.23100561112,18.377,0.098,o,18.749,19.067,2.819
58492.23835661111,18.465,0.104,o,18.749,19.067,2.819
58492.2454506111,18.485,0.117,o,18.749,19.067,2.819
58494.241138611105,18.487,0.122,c,18.749,19.1,2.781
58498.21729361111,18.497,0.127,o,18.75,19.164,2.697
58498.217751611104,18.314,0.099,o,18.75,19.164,2.697
58498.229190611106,18.35,0.108,o,18.75,19.164,2.697
58498.23751961111,18.334,0.108,o,18.75,19.164,2.696
58500.21689861111,18.258,0.134,o,18.751,19.195,2.65
58506.23458461111,18.564,0.133,o,18.752,19.286,2.491
58506.24093461111,18.545,0.09,o,18.752,19.286,2.491
58506.24674561111,18.398,0.108,o,18.752,19.286,2.491
58506.252122611106,18.379,0.1,o,18.752,19.286,2.491
58508.2325736111,18.564,0.138,o,18.753,19.315,2.433
58508.23939361111,18.426,0.143,o,18.753,19.315,2.433
58508.24513061111,18.389,0.121,o,18.753,19.315,2.432
58508.25032361111,18.422,0.135,o,18.753,19.315,2.432
58630.582352611105,18.441,0.133,o,18.784,19.256,2.702
58630.59507261111,18.299,0.118,o,18.784,19.256,2.702
58636.595550611106,18.559,0.13,o,18.785,19.168,2.838
58636.59884761111,18.548,0.13,o,18.785,19.168,2.838
58644.5393796111,18.518,0.117,o,18.787,19.045,2.976
58644.54907861111,18.377,0.117,o,18.787,19.045,2.976
58644.55866961111,18.732,0.155,o,18.787,19.044,2.976
58646.53327261111,18.477,0.093,o,18.788,19.013,3.003
58646.53648261111,18.48,0.112,o,18.788,19.013,3.003
58646.5423286111,18.345,0.08,o,18.788,19.013,3.003
58646.5518886111,18.685,0.112,o,18.788,19.013,3.003
58648.596276611104,18.557,0.12,o,18.788,18.98,3.028
58648.599533611115,18.702,0.147,o,18.788,18.98,3.028
58648.606943611114,18.635,0.146,o,18.788,18.98,3.028
58650.60334661111,18.527,0.142,o,18.788,18.948,3.048
58650.60849661111,18.417,0.104,o,18.788,18.947,3.048
58650.61319861111,18.408,0.103,o,18.788,18.947,3.048
58654.5716546111,18.35,0.113,o,18.789,18.883,3.079
58654.5753536111,18.531,0.131,o,18.789,18.883,3.079
58654.58228061111,18.42,0.094,o,18.789,18.883,3.079
58654.59370861111,18.394,0.089,o,18.789,18.883,3.079
58656.57478161111,18.359,0.13,o,18.79,18.85,3.09
58656.58563361112,18.311,0.125,o,18.79,18.85,3.09
58660.5074656111,18.306,0.135,o,18.791,18.785,3.102
58666.58354661111,18.761,0.087,c,18.792,18.685,3.093
58666.58816061111,18.813,0.096,c,18.792,18.685,3.093
58666.593203611104,18.806,0.092,c,18.792,18.685,3.093
58666.60968461112,18.6,0.082,c,18.792,18.685,3.093
58668.61843561111,18.385,0.133,o,18.793,18.652,3.083
58676.53914261112,18.505,0.081,o,18.794,18.523,3.01
58676.54283061111,18.494,0.083,o,18.794,18.523,3.01
58676.54982261111,18.43,0.076,o,18.794,18.523,3.01
58676.56028861111,18.556,0.09,o,18.794,18.523,3.01
58678.54495761111,18.4,0.11,o,18.795,18.491,2.983
58678.54874161111,18.371,0.092,o,18.795,18.491,2.983
58678.55476761112,18.719,0.134,o,18.795,18.491,2.983
58678.564901611106,18.582,0.109,o,18.795,18.491,2.983
58680.59833661111,18.15,0.111,o,18.795,18.459,2.952
58682.5396396111,18.372,0.132,o,18.796,18.428,2.919
58688.61033061111,18.392,0.108,o,18.797,18.336,2.796
58688.61808361111,18.287,0.115,o,18.797,18.336,2.796
58688.621341611106,18.259,0.114,o,18.797,18.336,2.796
58690.569839611104,18.463,0.07,o,18.797,18.307,2.75
58690.57335761111,18.455,0.077,o,18.797,18.307,2.749
58690.579625611106,18.432,0.069,o,18.797,18.307,2.749
58690.59074661111,18.435,0.085,o,18.797,18.307,2.749
58692.61088661111,18.631,0.088,o,18.798,18.278,2.698
58692.620848611106,18.455,0.093,o,18.798,18.278,2.698
58692.62398361111,18.526,0.124,o,18.798,18.278,2.698
58694.626134611106,18.615,0.114,c,18.798,18.249,2.644
58696.5462876111,18.353,0.086,o,18.799,18.223,2.589
58696.549147611106,18.313,0.073,o,18.799,18.223,2.589
58696.55579661111,18.407,0.084,o,18.799,18.223,2.589
58696.567050611106,18.664,0.108,o,18.799,18.222,2.588
58700.53616761111,18.437,0.077,o,18.799,18.169,2.466
58700.54017061111,18.549,0.096,o,18.799,18.169,2.466
58700.54705061111,18.298,0.07,o,18.799,18.169,2.466
58700.557164611106,18.295,0.072,o,18.799,18.169,2.466
58702.557740611104,18.576,0.062,c,18.8,18.143,2.399
58702.561761611105,18.441,0.057,c,18.8,18.143,2.399
58702.568276611106,18.594,0.066,c,18.8,18.143,2.399
58702.5791156111,18.525,0.055,c,18.8,18.143,2.399
58706.552348611105,18.648,0.067,c,18.801,18.094,2.259
58706.555636611105,18.48,0.076,c,18.801,18.094,2.258
58706.563162611106,18.599,0.08,c,18.801,18.094,2.258
58708.51007661111,18.436,0.148,o,18.801,18.071,2.186
58708.51315261111,18.511,0.143,o,18.801,18.071,2.186
58718.58489861111,18.347,0.07,o,18.803,17.966,1.771
58718.589020611114,18.38,0.071,o,18.803,17.966,1.771
58718.59564061111,18.313,0.077,o,18.803,17.966,1.77
58718.60819661111,18.305,0.074,o,18.803,17.966,1.77
58720.61541961111,18.335,0.061,o,18.804,17.948,1.68
58720.6191776111,18.355,0.056,o,18.804,17.948,1.68
58720.624380611116,18.524,0.093,o,18.804,17.948,1.68
58720.6281646111,18.287,0.071,o,18.804,17.948,1.68
58724.53707461111,18.303,0.061,o,18.804,17.916,1.499
58724.5411666111,18.347,0.065,o,18.804,17.916,1.499
58724.548055611114,18.385,0.063,o,18.804,17.915,1.498
58724.5622296111,18.3,0.069,o,18.804,17.915,1.498
58726.456453611114,18.615,0.076,c,18.805,17.901,1.408
58726.46826761111,18.491,0.083,c,18.805,17.901,1.407
58726.47150661112,18.48,0.09,c,18.805,17.901,1.407
58726.47821461111,18.418,0.068,c,18.805,17.901,1.406
58726.48958161111,18.441,0.083,c,18.805,17.901,1.406
58730.63380961111,18.41,0.079,c,18.806,17.873,1.203
58730.63717261111,18.361,0.115,c,18.806,17.873,1.203
58736.434295611114,18.168,0.072,o,18.807,17.843,0.91
58736.43810761111,18.255,0.083,o,18.807,17.843,0.91
58736.44412361111,18.112,0.074,o,18.807,17.843,0.91
58736.454756611114,18.325,0.094,o,18.807,17.842,0.909
58745.550116611106,18.16,0.084,o,18.809,17.814,0.444
58745.55379961111,18.225,0.088,o,18.809,17.814,0.443
58745.55933961111,18.283,0.111,o,18.809,17.814,0.443
58745.56960861111,17.962,0.078,o,18.809,17.814,0.442
58750.52886461111,18.278,0.061,c,18.81,17.809,0.22
58750.5318146111,18.346,0.059,c,18.81,17.809,0.22
58750.541777611106,18.293,0.062,c,18.81,17.809,0.22
58750.547666611106,18.349,0.062,c,18.81,17.809,0.219
58752.44929361111,18.009,0.038,o,18.81,17.809,0.174
58752.452541611114,18.044,0.038,o,18.81,17.809,0.174
58752.45775761111,18.01,0.04,o,18.81,17.809,0.174
58752.4676546111,17.978,0.042,o,18.81,17.809,0.174
58756.419207611114,18.173,0.056,o,18.811,17.812,0.25
58756.42467461111,18.066,0.057,o,18.811,17.812,0.25
58756.43532761111,18.097,0.051,o,18.811,17.812,0.251
58756.4393776111,18.043,0.047,o,18.811,17.812,0.251
58760.47556161111,18.005,0.055,o,18.811,17.821,0.438
58760.47878661111,18.192,0.075,o,18.811,17.821,0.438
58760.48570861111,18.037,0.073,o,18.811,17.821,0.438
58762.2780276111,18.223,0.09,o,18.812,17.826,0.528
58762.28412861111,18.143,0.071,o,18.812,17.826,0.529
58762.29129361111,18.286,0.077,o,18.812,17.826,0.529
58762.29494761111,18.253,0.085,o,18.812,17.826,0.529
58763.50819761111,18.428,0.068,c,18.812,17.831,0.591
58763.5117796111,18.359,0.057,c,18.812,17.831,0.592
58763.53220961111,18.32,0.052,c,18.812,17.831,0.593
58763.5386896111,18.395,0.061,c,18.812,17.831,0.593
58764.34925961111,18.425,0.154,o,18.812,17.834,0.634
58764.35248561111,18.028,0.097,o,18.812,17.834,0.635
58764.354431611115,18.144,0.069,o,18.812,17.834,0.635
58764.35859661111,18.312,0.093,o,18.812,17.834,0.635
58764.36396561111,18.21,0.104,o,18.812,17.834,0.635
58764.36960761111,18.169,0.093,o,18.812,17.834,0.636
58764.37383261111,18.148,0.079,o,18.812,17.834,0.636
58772.410445611116,18.257,0.084,o,18.814,17.875,1.047
58772.41433661112,18.097,0.078,o,18.814,17.875,1.047
58772.42033661111,18.191,0.104,o,18.814,17.875,1.047
58772.43201661111,18.473,0.117,o,18.814,17.875,1.048
58773.38237361111,18.391,0.139,o,18.814,17.881,1.096
58773.400199611104,18.091,0.097,o,18.814,17.881,1.096
58774.399323611106,18.38,0.109,o,18.814,17.888,1.146
58774.40253661111,18.394,0.102,o,18.814,17.888,1.147
58774.40768761111,18.303,0.078,o,18.814,17.888,1.147
58774.4188526111,18.26,0.084,o,18.814,17.888,1.147
58777.38679661111,18.275,0.149,o,18.815,17.91,1.294
58777.475363611105,18.136,0.068,o,18.815,17.91,1.298
58778.363362611104,18.535,0.077,c,18.815,17.917,1.341
58778.36611061111,18.371,0.067,c,18.815,17.917,1.341
58778.3728786111,18.751,0.096,c,18.815,17.917,1.341
58778.386045611114,18.677,0.077,c,18.815,17.917,1.342
58780.34624461112,18.321,0.06,o,18.815,17.933,1.436
58780.3499416111,18.239,0.052,o,18.815,17.933,1.436
58780.35643661111,18.305,0.062,o,18.815,17.934,1.436
58780.3685796111,18.329,0.062,o,18.815,17.934,1.437
58784.38408161111,18.399,0.063,o,18.816,17.97,1.623
58784.388131611115,18.274,0.048,o,18.816,17.97,1.624
58784.394765611105,18.368,0.058,o,18.816,17.97,1.624
58784.4049256111,18.3,0.065,o,18.816,17.97,1.624
58788.347352611105,18.36,0.094,o,18.817,18.01,1.799
58788.35106861111,18.554,0.08,o,18.817,18.01,1.799
58788.356226611104,18.303,0.093,o,18.817,18.01,1.799
58790.29018461111,18.299,0.062,o,18.817,18.031,1.882
58790.294343611116,18.374,0.078,o,18.817,18.031,1.882
58790.3010546111,18.417,0.065,o,18.817,18.031,1.882
58790.31277761111,18.198,0.067,o,18.817,18.031,1.883
58791.37857261111,18.247,0.07,o,18.817,18.043,1.927
58791.393356611115,18.271,0.067,o,18.817,18.043,1.928
58791.39694961112,18.359,0.072,o,18.817,18.043,1.928
58792.35817261111,18.649,0.134,o,18.817,18.054,1.967
58792.3703026111,18.449,0.083,o,18.817,18.054,1.968
58792.37408061112,18.347,0.084,o,18.817,18.054,1.968
58792.376387611104,18.495,0.096,o,18.817,18.054,1.968
58792.37969361111,18.369,0.073,o,18.817,18.054,1.968
58792.38968661111,18.353,0.108,o,18.817,18.055,1.968
58799.32964461111,18.278,0.143,o,18.819,18.14,2.234
58799.34627161111,18.496,0.153,o,18.819,18.14,2.235
58799.35468661111,18.306,0.125,o,18.819,18.14,2.235
58800.39768561111,18.289,0.113,o,18.819,18.154,2.272
58800.40047361112,18.483,0.128,o,18.819,18.154,2.272
58800.406609611106,18.339,0.118,o,18.819,18.154,2.272
58800.4177786111,18.517,0.127,o,18.819,18.154,2.273
58801.43233061111,18.184,0.099,o,18.819,18.168,2.308
58801.4361546111,18.219,0.086,o,18.819,18.168,2.308
58801.44161861111,18.716,0.122,o,18.819,18.168,2.308
58801.452491611104,18.194,0.094,o,18.819,18.168,2.308
58802.366462611106,18.253,0.094,o,18.819,18.181,2.339
58802.369732611114,18.394,0.094,o,18.819,18.181,2.34
58802.3759906111,18.304,0.091,o,18.819,18.181,2.34
58802.386156611115,18.474,0.104,o,18.819,18.181,2.34
58808.334569611114,18.499,0.076,o,18.82,18.265,2.525
58808.337378611104,18.255,0.053,o,18.82,18.265,2.526
58808.34389261111,18.461,0.068,o,18.82,18.266,2.526
58808.35501861111,18.391,0.066,o,18.82,18.266,2.526
58812.28623561111,18.378,0.084,o,18.821,18.325,2.633
58812.2899546111,18.422,0.068,o,18.821,18.325,2.633
58812.29550661111,18.366,0.058,o,18.821,18.325,2.633
58812.30531061111,18.392,0.065,o,18.821,18.325,2.633
58814.29059561111,18.646,0.077,c,18.821,18.356,2.682
58814.29380961111,18.655,0.086,c,18.821,18.356,2.682
58814.29994761111,18.57,0.075,c,18.821,18.356,2.682
58814.312775611106,18.571,0.091,c,18.821,18.356,2.682
58816.31291761111,18.367,0.062,o,18.822,18.388,2.728
58816.31615861112,18.356,0.063,o,18.822,18.388,2.728
58816.321774611104,18.377,0.061,o,18.822,18.388,2.728
58816.332081611115,18.363,0.065,o,18.822,18.388,2.728
58820.25259461112,18.29,0.076,o,18.822,18.452,2.808
58825.28981761112,18.313,0.101,o,18.823,18.535,2.889
58825.293040611105,18.308,0.105,o,18.823,18.535,2.889
58825.3103296111,18.478,0.135,o,18.823,18.536,2.889
58828.248614611104,18.428,0.138,o,18.824,18.585,2.926
58828.251841611105,18.194,0.117,o,18.824,18.586,2.926
58828.2579386111,18.267,0.09,o,18.824,18.586,2.926
58828.26856761112,18.383,0.12,o,18.824,18.586,2.926
58830.27317461111,18.198,0.12,o,18.824,18.62,2.947
58830.28424261112,18.368,0.147,o,18.824,18.62,2.947
58832.295816611106,18.206,0.083,o,18.824,18.655,2.964
58832.2991406111,18.676,0.146,o,18.824,18.655,2.964
58832.3051276111,18.449,0.116,o,18.824,18.655,2.964
58836.25903161111,18.458,0.056,o,18.825,18.724,2.986
58836.26200261111,18.58,0.073,o,18.825,18.724,2.986
58836.26758161112,18.466,0.06,o,18.825,18.724,2.986
58836.2776016111,18.586,0.058,o,18.825,18.724,2.986
58844.240900611105,18.354,0.072,o,18.826,18.863,2.987
58844.2436896111,18.359,0.075,o,18.826,18.863,2.987
58844.2489766111,18.48,0.092,o,18.826,18.863,2.987
58844.25880761111,18.409,0.079,o,18.826,18.863,2.987
58846.233474611116,18.714,0.07,c,18.827,18.898,2.979
58846.23670861111,18.625,0.087,c,18.827,18.898,2.979
58846.242748611105,18.791,0.089,c,18.827,18.898,2.979
58846.252937611105,18.554,0.078,c,18.827,18.898,2.978
58852.22502361111,18.533,0.106,o,18.828,19.001,2.931
58852.227835611106,18.47,0.087,o,18.828,19.001,2.931
58852.23384261112,18.462,0.103,o,18.828,19.001,2.931
58852.24366061111,18.48,0.094,o,18.828,19.002,2.931
58872.23145261111,18.493,0.106,o,18.831,19.325,2.556
58872.2346776111,18.477,0.101,o,18.831,19.325,2.556
58872.240205611124,18.468,0.102,o,18.831,19.325,2.556
58872.250850611104,18.439,0.109,o,18.831,19.325,2.555
58874.243163611114,18.907,0.123,c,18.831,19.355,2.501
58874.25307661111,18.547,0.098,c,18.831,19.355,2.501
58880.23291461111,18.578,0.102,o,18.832,19.44,2.322
58989.5926636111,18.584,0.138,o,18.847,19.457,2.418
58989.59682461111,18.454,0.115,o,18.847,19.457,2.418
58989.60425961111,18.679,0.139,o,18.847,19.457,2.419
58997.58738961111,18.509,0.119,o,18.848,19.348,2.646
58997.59157261111,18.296,0.09,o,18.848,19.348,2.646
58997.60685761112,18.493,0.151,o,18.848,19.348,2.647
58998.5825786111,18.786,0.113,c,18.848,19.334,2.672
59024.59541061111,18.581,0.077,o,18.851,18.926,3.076
59024.601565611105,18.434,0.06,o,18.851,18.926,3.076
59024.605714611105,18.224,0.062,o,18.851,18.926,3.076
59024.61785861111,18.38,0.11,o,18.851,18.926,3.076
59028.56607461111,18.402,0.043,o,18.851,18.86,3.09
59028.571603611104,18.409,0.059,o,18.851,18.86,3.09
59028.5828396111,18.479,0.066,o,18.851,18.86,3.09
59028.591701611105,18.403,0.066,o,18.851,18.86,3.09
59030.570724611105,18.891,0.104,c,18.852,18.827,3.092
59030.57486761111,18.918,0.098,c,18.852,18.827,3.092
59030.58174761111,18.769,0.082,c,18.852,18.827,3.092
59030.601540611104,18.595,0.073,c,18.852,18.826,3.092
59032.5817876111,18.427,0.062,o,18.852,18.794,3.091
59032.58500861111,18.513,0.062,o,18.852,18.794,3.091
59032.60439361112,18.387,0.058,o,18.852,18.793,3.091
59032.614528611106,18.398,0.071,o,18.852,18.793,3.091
59033.58159761111,18.356,0.087,o,18.852,18.777,3.089
59033.58901761111,18.528,0.088,o,18.852,18.777,3.089
59033.61190561111,18.381,0.064,o,18.852,18.776,3.089
59033.61393761111,18.333,0.064,o,18.852,18.776,3.089
59036.5318646111,18.56,0.146,o,18.852,18.728,3.078
59036.53879661111,18.564,0.127,o,18.852,18.728,3.078
59036.55071961112,18.535,0.146,o,18.852,18.728,3.078
59036.55671061111,18.421,0.108,o,18.852,18.728,3.078
59038.52435861111,18.642,0.147,o,18.853,18.695,3.067
59038.52759761111,18.54,0.129,o,18.853,18.695,3.067
59038.54158261111,18.442,0.108,o,18.853,18.695,3.067
59038.54803761111,18.362,0.101,o,18.853,18.695,3.067
59044.55780861111,18.46,0.138,o,18.853,18.597,3.011
59044.56706861111,18.303,0.115,o,18.853,18.596,3.011
59048.560538611106,18.555,0.104,o,18.854,18.532,2.957
59048.56608061111,18.432,0.072,o,18.854,18.532,2.957
59048.56930761111,18.465,0.093,o,18.854,18.532,2.957
59048.58144261112,18.365,0.073,o,18.854,18.532,2.956
59050.513234611106,18.58,0.08,c,18.854,18.501,2.925
59050.52796961111,18.511,0.066,c,18.854,18.501,2.925
59050.54607761111,18.724,0.082,c,18.854,18.501,2.925
59050.552566611106,18.657,0.073,c,18.854,18.501,2.925
59051.580255611116,18.713,0.085,c,18.854,18.485,2.907
59051.583939611104,18.412,0.061,c,18.854,18.485,2.907
59051.60560661111,18.725,0.074,c,18.854,18.484,2.906
59051.60835661112,18.667,0.065,c,18.854,18.484,2.906
59052.57763261111,18.386,0.067,o,18.854,18.469,2.888
59052.580954611105,18.462,0.063,o,18.854,18.469,2.888
59052.6038166111,18.513,0.064,o,18.854,18.469,2.888
59052.6202776111,18.296,0.065,o,18.854,18.468,2.888
59058.515791611106,18.555,0.064,c,18.855,18.379,2.763
59058.519053611104,18.764,0.072,c,18.855,18.379,2.762
59058.522301611105,18.619,0.068,c,18.855,18.379,2.762
59058.52921961111,18.652,0.085,c,18.855,18.379,2.762
59060.49372661111,18.386,0.059,o,18.855,18.35,2.714
59060.4974266111,18.542,0.073,o,18.855,18.35,2.714
59060.501108611104,18.515,0.065,o,18.855,18.35,2.714
59060.50618361111,18.548,0.073,o,18.855,18.35,2.714
59062.4562296111,18.576,0.117,o,18.855,18.322,2.663
59062.4626516111,18.295,0.091,o,18.855,18.321,2.663
59062.46763561111,18.283,0.095,o,18.855,18.321,2.663
59062.479637611104,18.417,0.106,o,18.855,18.321,2.662
59064.52308361111,18.249,0.123,o,18.855,18.292,2.606
59064.52676861111,18.497,0.141,o,18.855,18.292,2.606
59064.53091961111,18.53,0.152,o,18.855,18.292,2.606
59064.537830611116,18.4,0.126,o,18.855,18.292,2.606
59072.57149461111,18.361,0.071,o,18.856,18.185,2.352
59072.57558861111,18.212,0.068,o,18.856,18.185,2.352
59072.58118161111,18.343,0.076,o,18.856,18.185,2.352
59072.61675661111,18.359,0.076,o,18.856,18.185,2.35
59074.58846061111,18.312,0.064,o,18.856,18.16,2.281
59074.59214461111,18.288,0.07,o,18.856,18.16,2.281
59074.59728261112,18.286,0.072,o,18.856,18.16,2.28
59074.611690611106,18.481,0.093,o,18.856,18.16,2.28
59076.50258461111,18.42,0.053,o,18.856,18.137,2.211
59076.50628161111,18.497,0.066,o,18.856,18.137,2.211
59076.51276461111,18.441,0.062,o,18.856,18.137,2.21
59076.53780861111,18.382,0.071,o,18.856,18.137,2.209
59078.50963361111,18.536,0.07,c,18.856,18.114,2.134
59078.514863611104,18.633,0.082,c,18.856,18.114,2.134
59078.5180786111,18.608,0.07,c,18.856,18.114,2.134
59078.528166611104,18.671,0.08,c,18.856,18.114,2.134
59080.44206161111,18.499,0.071,o,18.857,18.092,2.058
59080.47397661111,18.324,0.054,o,18.857,18.092,2.057
59080.480629611106,18.348,0.076,o,18.857,18.092,2.057
59082.4821256111,18.768,0.077,c,18.857,18.07,1.976
59082.4853416111,18.573,0.071,c,18.857,18.07,1.975
59082.488085611105,18.489,0.066,c,18.857,18.07,1.975
59082.49944761111,18.582,0.063,c,18.857,18.07,1.975
59082.50413261111,18.608,0.062,c,18.857,18.07,1.975
59082.51194861111,18.589,0.054,c,18.857,18.07,1.974
59082.51514961111,18.561,0.058,c,18.857,18.07,1.974
59082.52024561111,18.573,0.064,c,18.857,18.07,1.974
59084.46595361111,18.381,0.048,o,18.857,18.05,1.892
59084.47433561111,18.41,0.053,o,18.857,18.05,1.892
59084.477107611114,18.409,0.058,o,18.857,18.05,1.892
59084.49618061112,18.385,0.06,o,18.857,18.049,1.891
59086.4799536111,18.477,0.062,c,18.857,18.03,1.806
59086.48178361111,18.608,0.064,c,18.857,18.03,1.806
59086.48454061111,18.549,0.07,c,18.857,18.03,1.806
59086.49331461111,18.511,0.072,c,18.857,18.03,1.805
59088.47926861111,18.302,0.058,o,18.857,18.011,1.718
59088.48110961111,18.249,0.047,o,18.857,18.011,1.717
59088.48388461111,18.384,0.06,o,18.857,18.011,1.717
59088.4889536111,18.283,0.05,o,18.857,18.011,1.717
59090.475061611105,18.357,0.093,o,18.857,17.994,1.627
59090.48067561111,18.271,0.08,o,18.857,17.993,1.627
59090.48344861111,18.296,0.079,o,18.857,17.993,1.627
59090.502359611106,18.155,0.068,o,18.857,17.993,1.626
59092.432740611104,17.995,0.103,o,18.858,17.977,1.537
59092.43458461111,18.273,0.111,o,18.858,17.977,1.537
59092.43734661111,18.373,0.152,o,18.858,17.977,1.537
59092.44748361111,18.209,0.095,o,18.858,17.977,1.536
59100.41349761111,18.246,0.061,o,18.858,17.921,1.15
59100.41533861111,18.198,0.061,o,18.858,17.921,1.15
59100.426427611106,18.135,0.062,o,18.858,17.921,1.15
59100.43475761112,18.157,0.069,o,18.858,17.921,1.149
59101.4488796111,18.313,0.066,o,18.858,17.915,1.098
59101.4507276111,18.388,0.057,o,18.858,17.915,1.098
59101.453492611116,18.171,0.055,o,18.858,17.915,1.098
59101.45857061112,18.265,0.058,o,18.858,17.915,1.098
59102.44958361111,18.23,0.069,o,18.858,17.909,1.048
59102.45279961111,18.183,0.064,o,18.858,17.909,1.048
59102.45558761111,18.224,0.057,o,18.858,17.909,1.048
59102.4606526111,18.227,0.055,o,18.859,17.909,1.047
59104.448892611115,18.239,0.056,o,18.859,17.899,0.946
59104.457225611106,18.148,0.054,o,18.859,17.899,0.946
59104.459072611106,18.138,0.049,o,18.859,17.899,0.946
59104.46921661111,18.203,0.06,o,18.859,17.899,0.945
59106.49875261111,18.492,0.096,c,18.859,17.89,0.841
59106.502880611115,18.275,0.054,c,18.859,17.89,0.84
59106.5378546111,18.368,0.055,c,18.859,17.89,0.839
59106.53923261111,18.303,0.07,c,18.859,17.89,0.839
59106.542202611105,18.406,0.066,c,18.859,17.889,0.838
59106.56917161111,18.333,0.057,c,18.859,17.889,0.837
59108.37537161111,18.193,0.056,o,18.859,17.882,0.744
59108.40574261111,18.24,0.052,o,18.859,17.882,0.742
59108.4095646111,18.209,0.069,o,18.859,17.882,0.742
59108.41235961111,18.127,0.056,o,18.859,17.882,0.742
59110.352314611104,18.412,0.083,c,18.859,17.876,0.641
59110.380639611096,18.336,0.073,c,18.859,17.875,0.64
59110.39504561111,18.396,0.086,c,18.859,17.875,0.639
59110.39597461111,18.266,0.073,c,18.859,17.875,0.639
59110.39967461111,18.425,0.108,c,18.859,17.875,0.639
59110.40104761111,18.341,0.079,c,18.859,17.875,0.639
59110.406154611104,18.348,0.092,c,18.859,17.875,0.638
59110.43395561112,18.392,0.069,c,18.859,17.875,0.637
59112.423590611106,18.151,0.061,o,18.859,17.87,0.534
59112.42543461111,18.257,0.065,o,18.859,17.87,0.534
59112.42960661111,18.132,0.056,o,18.859,17.87,0.534
59112.43890561111,18.218,0.051,o,18.859,17.87,0.533
59114.46840361111,18.26,0.056,c,18.859,17.865,0.429
59114.47210361111,18.444,0.086,c,18.859,17.865,0.429
59114.50763361111,18.348,0.071,c,18.859,17.865,0.427
59114.53582761111,18.316,0.065,c,18.859,17.865,0.426
59118.374729611096,18.093,0.074,o,18.86,17.86,0.242
59118.38862561111,17.956,0.058,o,18.86,17.86,0.241
59118.3919016111,17.978,0.057,o,18.86,17.86,0.241
59118.39739561111,18.029,0.069,o,18.86,17.86,0.241
59120.383901611116,17.884,0.093,o,18.86,17.859,0.169
59120.4052886111,18.074,0.091,o,18.86,17.859,0.169
59120.4075886111,18.056,0.08,o,18.86,17.859,0.169
59120.41035961111,17.896,0.084,o,18.86,17.859,0.169
59126.447818611116,17.938,0.086,o,18.86,17.865,0.29
59126.45147861111,17.957,0.099,o,18.86,17.865,0.29
59126.45702361111,18.108,0.116,o,18.86,17.865,0.29
59126.46821761112,17.991,0.1,o,18.86,17.865,0.291
59128.49439461111,18.01,0.073,o,18.861,17.869,0.389
59128.49853861111,18.109,0.089,o,18.861,17.869,0.389
59128.50406461111,17.995,0.066,o,18.861,17.869,0.39
59128.516614611115,18.114,0.106,o,18.861,17.869,0.39
59130.438461611106,18.162,0.071,o,18.861,17.874,0.488
59130.44264861111,18.014,0.056,o,18.861,17.874,0.488
59130.448284611106,18.1,0.066,o,18.861,17.874,0.488
59130.4589146111,18.187,0.068,o,18.861,17.874,0.489
59132.37314561111,18.112,0.07,o,18.861,17.88,0.587
59132.37500561112,18.086,0.058,o,18.861,17.88,0.587
59132.3832156111,18.061,0.055,o,18.861,17.88,0.588
59132.38841061111,18.102,0.056,o,18.861,17.88,0.588
59134.522331611115,18.227,0.107,o,18.861,17.889,0.699
59134.5278416111,18.052,0.071,o,18.861,17.889,0.699
59134.53195861111,18.133,0.082,o,18.861,17.889,0.699
59134.54250761111,18.013,0.058,o,18.861,17.889,0.7
59136.41243461111,18.253,0.063,o,18.861,17.897,0.796
59136.41757461111,18.095,0.058,o,18.861,17.897,0.797
59136.420801611115,18.177,0.061,o,18.861,17.897,0.797
59136.43095561111,18.104,0.058,o,18.861,17.897,0.797
59138.41522261111,18.322,0.122,c,18.861,17.907,0.9
59138.41844861111,18.398,0.133,c,18.861,17.907,0.9
59138.425329611106,18.164,0.121,c,18.861,17.907,0.9
59138.43923861111,18.454,0.084,c,18.861,17.907,0.901
59140.390636611104,18.105,0.061,o,18.861,17.918,1.0
59140.39432461111,18.296,0.055,o,18.861,17.918,1.0
59140.40125561111,18.138,0.051,o,18.861,17.918,1.001
59140.437338611104,18.05,0.051,o,18.861,17.919,1.003
59142.409289611096,18.297,0.055,c,18.862,17.931,1.102
59142.41208361111,18.479,0.063,c,18.862,17.931,1.102
59142.44715161111,18.489,0.071,c,18.862,17.931,1.104
59142.45400361111,18.631,0.077,c,18.862,17.931,1.104
59144.336892611114,18.122,0.061,o,18.862,17.944,1.198
59144.33968161111,18.168,0.08,o,18.862,17.944,1.198
59144.34245561111,18.139,0.123,o,18.862,17.944,1.198
59144.3475296111,18.339,0.103,o,18.862,17.944,1.199
59146.36833261111,18.343,0.09,o,18.862,17.959,1.298
59146.37201261111,18.237,0.077,o,18.862,17.959,1.298
59146.37986961111,18.299,0.083,o,18.862,17.959,1.298
59146.38969961111,18.208,0.077,o,18.862,17.959,1.299
59156.36304661111,18.412,0.077,o,18.863,18.049,1.76
59156.36725861111,18.241,0.071,o,18.863,18.049,1.76
59156.3737146111,18.158,0.069,o,18.863,18.049,1.761
59156.38940061111,18.353,0.077,o,18.863,18.049,1.761
59157.349264611104,18.135,0.091,o,18.863,18.059,1.803
59157.352491611106,18.294,0.084,o,18.863,18.059,1.803
59157.37449261111,18.084,0.054,o,18.863,18.059,1.804
59157.381013611106,18.263,0.07,o,18.863,18.059,1.804
59158.336266611106,18.314,0.076,o,18.863,18.069,1.845
59158.33950061111,18.278,0.073,o,18.863,18.069,1.845
59158.345017611115,18.504,0.092,o,18.863,18.07,1.845
59158.37912361111,18.127,0.085,o,18.863,18.07,1.847
59160.36571961111,18.44,0.075,o,18.863,18.092,1.93
59160.3694396111,18.267,0.083,o,18.863,18.092,1.93
59160.374989611104,18.442,0.088,o,18.863,18.092,1.93
59160.385144611115,18.636,0.099,o,18.863,18.092,1.931
59170.321151611104,18.553,0.071,c,18.863,18.215,2.306
59170.32435861111,18.558,0.074,c,18.863,18.215,2.306
59170.3294656111,18.806,0.097,c,18.863,18.215,2.306
59170.34375961111,18.592,0.082,c,18.863,18.215,2.307
59173.29636261111,18.248,0.068,o,18.864,18.256,2.404
59173.29956461111,18.305,0.071,o,18.864,18.256,2.404
59173.30552361111,18.428,0.084,o,18.864,18.256,2.404
59173.32157361111,18.501,0.075,o,18.864,18.256,2.405
59181.323545611114,18.491,0.138,o,18.864,18.373,2.633
59182.306823611114,18.113,0.106,o,18.864,18.388,2.657
59182.31049361112,18.407,0.143,o,18.864,18.388,2.657
59182.31597961111,18.531,0.14,o,18.864,18.389,2.658
59182.32623861112,18.252,0.123,o,18.864,18.389,2.658
59184.37141961111,18.351,0.127,o,18.864,18.421,2.706
59184.374649611105,18.354,0.131,o,18.864,18.421,2.706
59184.39216761112,18.162,0.119,o,18.864,18.421,2.706
59185.33868261111,18.599,0.122,o,18.864,18.436,2.727
59185.35163061111,18.379,0.121,o,18.864,18.436,2.727
59185.35623961111,18.521,0.11,o,18.864,18.436,2.728
59185.36684461111,18.279,0.101,o,18.864,18.436,2.728
59186.320852611105,18.291,0.091,o,18.864,18.451,2.748
59186.3318896111,18.26,0.11,o,18.864,18.452,2.748
59186.337426611106,18.031,0.067,o,18.864,18.452,2.748
59188.283831611116,18.501,0.097,o,18.864,18.483,2.787
59188.289356611116,18.563,0.139,o,18.864,18.483,2.787
59188.2930406111,18.541,0.145,o,18.864,18.483,2.787
59190.26881061111,18.711,0.091,c,18.865,18.515,2.823
59190.272027611114,18.69,0.084,c,18.865,18.515,2.823
59190.27802461111,18.744,0.074,c,18.865,18.515,2.824
59190.28875161111,18.75,0.07,c,18.865,18.516,2.824
59192.312789611104,18.443,0.07,o,18.865,18.549,2.857
59192.31601861111,18.321,0.061,o,18.865,18.549,2.857
59192.32154761111,18.422,0.073,o,18.865,18.549,2.857
59192.334475611104,18.434,0.076,o,18.865,18.549,2.857
59194.28342261111,18.824,0.095,c,18.865,18.582,2.886
59194.28757461111,18.55,0.074,c,18.865,18.582,2.886
59194.30044061111,18.542,0.058,c,18.865,18.582,2.886
59194.31009961111,18.861,0.087,c,18.865,18.582,2.886
59198.24142161111,18.674,0.121,c,18.865,18.649,2.932
59198.25432361111,18.672,0.104,c,18.865,18.649,2.933
59198.265790611105,18.696,0.077,c,18.865,18.649,2.933
59200.29552361111,18.794,0.072,c,18.865,18.684,2.951
59204.22219361112,18.368,0.09,o,18.865,18.752,2.976
59204.22956661111,18.598,0.111,o,18.865,18.752,2.976
59204.24174061111,18.475,0.112,o,18.865,18.752,2.976
59208.28501461111,18.72,0.15,o,18.865,18.822,2.987
59208.34525761111,18.297,0.147,o,18.865,18.823,2.987
59212.2322276111,18.451,0.1,o,18.866,18.891,2.983
59212.23545661111,18.484,0.097,o,18.866,18.891,2.983
59212.24192461111,18.621,0.135,o,18.866,18.891,2.983
59216.2686036111,18.596,0.088,o,18.866,18.96,2.964
59216.272752611105,18.504,0.074,o,18.866,18.96,2.964
59216.279203611106,18.445,0.086,o,18.866,18.96,2.964
59216.289355611116,18.383,0.086,o,18.866,18.961,2.964
59218.276963611104,18.876,0.106,c,18.866,18.995,2.95
59218.28205761111,18.709,0.096,c,18.866,18.995,2.95
59218.28482161111,18.626,0.087,c,18.866,18.995,2.95
59218.295868611116,18.729,0.091,c,18.866,18.995,2.95
59220.22318561111,18.865,0.083,c,18.866,19.028,2.932
59220.226412611104,18.753,0.077,c,18.866,19.028,2.932
59220.231527611104,18.801,0.093,c,18.866,19.028,2.932
59220.24304261112,18.937,0.111,c,18.866,19.028,2.932
59222.259448611105,18.726,0.091,c,18.866,19.063,2.91
59222.2626656111,18.649,0.093,c,18.866,19.063,2.91
59222.2681546111,18.81,0.112,c,18.866,19.063,2.91
59222.2805286111,18.615,0.088,c,18.866,19.063,2.91
59224.25780861111,18.789,0.083,c,18.866,19.096,2.886
59224.26104661111,18.92,0.106,c,18.866,19.096,2.885
59224.27118161111,18.792,0.096,c,18.866,19.097,2.885
59224.27766161111,18.64,0.102,c,18.866,19.097,2.885
59226.25202061111,18.667,0.095,c,18.866,19.13,2.857
59226.255236611105,18.626,0.094,c,18.866,19.13,2.857
59226.2726546111,18.777,0.116,c,18.866,19.13,2.857
59230.216976611104,18.863,0.122,c,18.866,19.195,2.791
59230.228412611104,18.731,0.104,c,18.866,19.195,2.791
59248.24685561111,18.665,0.124,c,18.867,19.466,2.34
59252.225724611104,18.682,0.112,c,18.867,19.519,2.21
59252.231280611115,18.761,0.097,c,18.867,19.519,2.21
59252.24188461111,18.77,0.117,c,18.867,19.519,2.21
59383.5913266111,18.143,0.057,o,18.869,19.107,2.982
59383.5954786111,18.237,0.07,o,18.869,19.107,2.982
59383.605175611105,18.208,0.065,o,18.869,19.107,2.982
59388.57359961111,18.2,0.087,o,18.869,19.026,3.038
59388.576826611104,18.192,0.078,o,18.869,19.026,3.038
59388.584198611105,18.193,0.073,o,18.869,19.026,3.038
59388.60224661111,18.31,0.074,o,18.869,19.025,3.038
59392.58812461111,18.143,0.084,o,18.869,18.96,3.069
59392.60123661111,18.158,0.077,o,18.869,18.959,3.069
59392.6104536111,18.355,0.085,o,18.869,18.959,3.069
59392.61598461111,18.174,0.073,o,18.869,18.959,3.069
59402.56248361111,18.413,0.062,c,18.869,18.793,3.086
59402.574443611105,18.313,0.06,c,18.869,18.793,3.086
59402.592349611106,18.304,0.056,c,18.869,18.792,3.086
59404.53196961112,18.196,0.056,o,18.869,18.76,3.08
59404.54624561111,18.06,0.048,o,18.869,18.76,3.08
59404.549293611104,18.089,0.049,o,18.869,18.76,3.08
59404.55904461111,18.094,0.052,o,18.869,18.759,3.08
59408.550769611116,18.168,0.063,o,18.869,18.693,3.056
59408.5563146111,18.138,0.056,o,18.869,18.693,3.056
59408.55953661111,18.097,0.049,o,18.869,18.693,3.056
59408.57521061111,18.07,0.044,o,18.869,18.693,3.056
59412.550716611106,18.111,0.091,o,18.869,18.627,3.018
59412.553486611105,18.097,0.043,o,18.869,18.627,3.018
59412.55947461111,18.122,0.052,o,18.869,18.627,3.018
59412.56961361111,18.186,0.05,o,18.869,18.627,3.018
59414.54185561111,18.253,0.063,c,18.869,18.595,2.994
59414.550570611114,18.27,0.063,c,18.869,18.594,2.994
59414.56248461111,18.263,0.062,c,18.869,18.594,2.994
59416.55242961111,18.008,0.057,o,18.869,18.562,2.967
59416.55427161111,17.799,0.049,o,18.869,18.562,2.967
59416.5598036111,18.072,0.093,o,18.869,18.562,2.967
59416.57133761111,17.924,0.045,o,18.869,18.562,2.967
59417.5814156111,18.112,0.079,o,18.869,18.546,2.952
59417.59141861111,18.123,0.091,o,18.869,18.545,2.951
59417.61212061111,18.099,0.049,o,18.869,18.545,2.951
59420.48800961111,17.919,0.076,o,18.869,18.499,2.903
59420.49753961111,18.086,0.094,o,18.869,18.499,2.903
59420.50353361111,18.12,0.097,o,18.869,18.499,2.903
59420.51044961111,18.103,0.092,o,18.869,18.499,2.903
59426.52370761111,18.011,0.068,o,18.869,18.406,2.78
59426.54769061111,17.913,0.059,o,18.869,18.406,2.779
59426.552806611115,17.945,0.061,o,18.869,18.406,2.779
59426.55647161111,17.907,0.055,o,18.869,18.406,2.779
59428.52159861111,17.962,0.047,o,18.869,18.377,2.732
59428.528155611115,17.869,0.043,o,18.869,18.376,2.732
59428.53184461111,17.972,0.046,o,18.869,18.376,2.732
59428.537838611104,18.087,0.053,o,18.869,18.376,2.732
59432.48387661111,18.316,0.048,c,18.868,18.319,2.629
59432.50420561111,18.164,0.04,c,18.868,18.319,2.628
59432.5144416111,18.207,0.046,c,18.868,18.318,2.628
59432.523250611106,18.15,0.047,c,18.868,18.318,2.628
59434.543877611104,17.984,0.054,o,18.868,18.29,2.57
59434.54570861111,17.948,0.05,o,18.868,18.29,2.57
59434.54845861111,17.866,0.051,o,18.868,18.29,2.57
59434.55534661111,18.039,0.051,o,18.868,18.29,2.569
59436.50382161111,18.246,0.044,c,18.868,18.263,2.511
59436.51332261111,18.153,0.038,c,18.868,18.263,2.51
59436.515188611105,18.16,0.041,c,18.868,18.263,2.51
59436.52304561111,18.173,0.035,c,18.868,18.263,2.51
59438.47449361111,17.887,0.046,o,18.868,18.236,2.448
59438.48744461111,18.009,0.05,o,18.868,18.236,2.448
59438.49021361111,17.865,0.041,o,18.868,18.236,2.448
59438.497566611106,18.031,0.05,o,18.868,18.236,2.447
59440.50879261111,18.062,0.042,c,18.868,18.21,2.381
59440.51249261112,18.071,0.05,c,18.868,18.21,2.38
59440.5162046111,18.112,0.051,c,18.868,18.21,2.38
59440.5374496111,18.112,0.053,c,18.868,18.209,2.38
59441.59764061111,18.123,0.039,c,18.868,18.196,2.343
59441.600819611114,18.091,0.038,c,18.868,18.196,2.343
59441.62123061111,18.173,0.041,c,18.868,18.196,2.342
59441.6269796111,18.16,0.052,c,18.868,18.195,2.342
59442.4698276111,17.826,0.051,o,18.868,18.185,2.313
59442.49336061111,17.839,0.047,o,18.868,18.185,2.312
59442.497048611105,17.849,0.038,o,18.868,18.185,2.312
59442.5025406111,17.935,0.046,o,18.868,18.184,2.312
59444.4775046111,17.833,0.059,o,18.868,18.16,2.24
59444.47934761111,17.855,0.05,o,18.868,18.16,2.24
59444.488061611104,17.999,0.06,o,18.868,18.16,2.24
59444.497143611115,17.87,0.051,o,18.868,18.16,2.24
59448.46932761111,17.784,0.067,o,18.868,18.113,2.088
59448.47116961111,17.889,0.073,o,18.868,18.113,2.088
59448.473931611115,18.021,0.102,o,18.868,18.113,2.088
59448.484089611105,17.749,0.058,o,18.868,18.113,2.088
59454.452261611106,17.818,0.052,o,18.868,18.05,1.841
59454.4764656111,17.688,0.055,o,18.868,18.05,1.84
59454.48060661111,17.764,0.047,o,18.868,18.05,1.84
59454.48613761111,17.787,0.058,o,18.868,18.049,1.839
59455.49503861111,17.792,0.05,o,18.868,18.04,1.796
59455.496875611105,17.819,0.053,o,18.868,18.04,1.796
59455.50651361111,17.793,0.047,o,18.868,18.039,1.795
59455.5422636111,17.753,0.042,o,18.868,18.039,1.793
59456.451914611105,17.705,0.039,o,18.868,18.03,1.753
59456.452836611104,17.728,0.041,o,18.868,18.03,1.753
59456.45605861111,17.861,0.042,o,18.868,18.03,1.753
59456.46204861111,17.796,0.041,o,18.868,18.03,1.753
59456.46298861111,17.859,0.041,o,18.868,18.03,1.753
59456.46668261111,17.819,0.046,o,18.868,18.03,1.753
59456.475005611115,17.916,0.047,o,18.868,18.03,1.752
59456.475466611104,17.806,0.036,o,18.868,18.03,1.752
59460.46276161111,17.747,0.035,o,18.868,17.994,1.572
59460.46600161111,17.74,0.037,o,18.868,17.994,1.571
59460.47154861111,17.732,0.037,o,18.868,17.994,1.571
59460.476617611115,17.857,0.042,o,18.868,17.994,1.571
59462.48213961111,18.048,0.047,c,18.868,17.978,1.477
59462.48397061111,17.919,0.039,c,18.868,17.978,1.477
59462.48720761111,18.005,0.044,c,18.868,17.978,1.476
59462.50064561111,17.936,0.046,c,18.868,17.978,1.476
59464.4655916111,17.757,0.032,o,18.868,17.963,1.382
59464.46836361111,17.737,0.034,o,18.868,17.963,1.382
59464.47113061111,17.67,0.034,o,18.868,17.963,1.382
59464.47619361111,17.717,0.034,o,18.868,17.963,1.381
59466.4050536111,17.969,0.047,c,18.867,17.949,1.287
59466.429129611104,18.02,0.054,c,18.867,17.949,1.286
59466.43149361111,17.89,0.043,c,18.867,17.949,1.286
59466.435174611106,17.881,0.037,c,18.867,17.949,1.286
59470.410869611114,17.864,0.04,c,18.867,17.924,1.088
59470.4145496111,17.82,0.039,c,18.867,17.924,1.088
59470.44114361111,17.879,0.041,c,18.867,17.923,1.086
59470.446655611115,17.848,0.036,c,18.867,17.923,1.086
59474.50165761111,17.7,0.054,o,18.867,17.902,0.878
59474.53442761111,17.356,0.074,o,18.867,17.902,0.877
59474.53883461111,17.613,0.071,o,18.867,17.902,0.876
59474.56733561111,17.725,0.067,o,18.867,17.902,0.875
59481.57551961111,17.454,0.107,o,18.867,17.877,0.51
59484.45590861111,17.472,0.044,o,18.867,17.871,0.361
59484.4586786111,17.41,0.044,o,18.867,17.871,0.361
59484.461505611114,17.46,0.044,o,18.867,17.871,0.361
59484.49205061111,17.482,0.043,o,18.867,17.871,0.359
59484.4943666111,17.462,0.048,o,18.867,17.871,0.359
59484.498067611115,17.395,0.047,o,18.867,17.871,0.359
59484.503134611106,17.468,0.047,o,18.867,17.871,0.359
59484.504074611104,17.415,0.044,o,18.867,17.871,0.359
59485.45861861111,17.348,0.037,o,18.867,17.87,0.311
59485.4600036111,17.452,0.042,o,18.867,17.87,0.311
59485.463705611124,17.411,0.04,o,18.867,17.87,0.311
59485.48630961111,17.44,0.037,o,18.867,17.87,0.31
59485.488664611104,17.369,0.04,o,18.867,17.87,0.309
59485.489160611105,17.429,0.035,o,18.867,17.87,0.309
59485.500406611114,17.476,0.044,o,18.867,17.87,0.309
59486.38446961111,17.417,0.031,o,18.867,17.869,0.266
59486.3867536111,17.326,0.033,o,18.867,17.869,0.266
59486.389498611105,17.482,0.032,o,18.867,17.869,0.265
59486.4180286111,17.35,0.034,o,18.867,17.869,0.264
59488.435512611104,17.314,0.043,o,18.867,17.867,0.176
59488.43919861111,17.327,0.037,o,18.867,17.867,0.176
59488.44564761111,17.302,0.043,o,18.867,17.867,0.175
59488.48082561111,17.351,0.035,o,18.867,17.867,0.174
59490.440225611106,17.402,0.033,o,18.867,17.867,0.127
59490.443494611114,17.311,0.031,o,18.867,17.867,0.127
59490.449553611106,17.325,0.029,o,18.867,17.867,0.127
59490.48391161111,17.366,0.031,o,18.867,17.867,0.127
59491.46084761111,17.328,0.031,o,18.867,17.867,0.133
59491.47792061111,17.245,0.027,o,18.867,17.867,0.134
59491.4817296111,17.285,0.03,o,18.867,17.867,0.134
59491.48752361111,17.275,0.026,o,18.867,17.867,0.134
59492.3813286111,17.277,0.123,o,18.866,17.868,0.157
59494.39421161111,17.394,0.029,o,18.866,17.87,0.239
59494.42969261111,17.34,0.032,o,18.866,17.87,0.241
59494.43973161111,17.274,0.036,o,18.866,17.87,0.241
59494.44661161111,17.348,0.033,o,18.866,17.87,0.242
59496.36838561111,17.422,0.04,o,18.866,17.873,0.335
59496.37115161111,17.314,0.034,o,18.866,17.873,0.335
59496.3739136111,17.481,0.042,o,18.866,17.873,0.335
59496.384316611104,17.445,0.044,o,18.866,17.873,0.336
59498.413654611104,17.522,0.04,o,18.866,17.878,0.44
59498.41879661111,17.462,0.037,o,18.866,17.878,0.44
59498.42200861111,17.37,0.032,o,18.866,17.878,0.44
59498.45646161111,17.4,0.031,o,18.866,17.878,0.442
59500.3440916111,17.448,0.049,o,18.866,17.884,0.54
59500.34660961111,17.471,0.048,o,18.866,17.884,0.54
59500.34937061111,17.394,0.046,o,18.866,17.884,0.54
59500.35447061111,17.527,0.043,o,18.866,17.884,0.54
59509.401822611115,17.612,0.111,o,18.866,17.925,1.009
59509.41519661111,17.741,0.124,o,18.866,17.925,1.01
59509.427718611114,17.587,0.111,o,18.866,17.925,1.01
59510.38336861111,17.46,0.048,o,18.866,17.931,1.059
59510.3889146111,17.511,0.048,o,18.866,17.931,1.059
59510.39305061111,17.579,0.076,o,18.866,17.931,1.06
59510.39948761111,17.594,0.073,o,18.866,17.931,1.06
59510.403146611105,17.729,0.074,o,18.866,17.931,1.06
59510.405432611115,17.455,0.049,o,18.866,17.931,1.06
59510.40909061111,17.543,0.067,o,18.866,17.931,1.06
59510.41920661111,17.638,0.075,o,18.866,17.931,1.061
59511.39265061111,17.506,0.054,o,18.866,17.937,1.11
59511.393564611106,17.848,0.092,o,18.866,17.937,1.11
59511.41077261111,17.557,0.046,o,18.866,17.937,1.111
59511.411228611105,17.821,0.067,o,18.866,17.937,1.111
59511.41397161111,17.53,0.046,o,18.866,17.937,1.111
59511.4205906111,17.588,0.048,o,18.866,17.937,1.111
59512.404865611104,17.529,0.054,o,18.866,17.944,1.16
59512.409987611114,17.563,0.049,o,18.866,17.944,1.161
59512.41413861111,17.548,0.054,o,18.866,17.944,1.161
59512.425689611104,17.661,0.051,o,18.866,17.944,1.162
59513.418624611106,17.592,0.043,o,18.866,17.951,1.211
59513.43961961111,17.513,0.05,o,18.866,17.951,1.212
59513.442419611114,17.504,0.044,o,18.866,17.951,1.212
59513.45879961111,17.482,0.05,o,18.866,17.951,1.213
59515.5085166111,17.577,0.049,o,18.865,17.966,1.314
59515.51178261111,17.629,0.058,o,18.865,17.966,1.314
59515.53574961111,17.664,0.062,o,18.865,17.966,1.315
59515.5417476111,17.633,0.057,o,18.865,17.966,1.315
59516.3910536111,17.514,0.039,o,18.865,17.973,1.356
59516.39474661111,17.579,0.04,o,18.865,17.973,1.356
59516.40079861111,17.596,0.044,o,18.865,17.973,1.357
59516.4144916111,17.571,0.04,o,18.865,17.973,1.357
59518.36466361111,17.824,0.038,c,18.865,17.989,1.451
59518.36984561111,17.818,0.037,c,18.865,17.989,1.451
59518.37350961111,17.862,0.042,c,18.865,17.989,1.451
59518.386385611106,17.799,0.034,c,18.865,17.989,1.452
59520.37475561111,17.648,0.045,o,18.865,18.006,1.545
59520.38452261111,17.676,0.042,o,18.865,18.007,1.545
59520.3877496111,17.57,0.036,o,18.865,18.007,1.545
59520.40999661111,17.659,0.045,o,18.865,18.007,1.546
59522.38567361111,17.768,0.042,c,18.865,18.025,1.637
59522.388875611105,17.831,0.043,c,18.865,18.025,1.637
59522.396232611114,17.888,0.047,c,18.865,18.025,1.637
59522.41096161111,17.827,0.037,c,18.865,18.025,1.638
59524.386708611106,17.596,0.043,o,18.865,18.044,1.726
59524.38993661111,17.664,0.048,o,18.865,18.044,1.727
59524.39740861112,17.615,0.049,o,18.865,18.045,1.727
59524.43289361112,17.609,0.047,o,18.865,18.045,1.728
59526.33080661111,17.807,0.043,c,18.865,18.064,1.811
59526.335021611114,17.885,0.038,c,18.865,18.064,1.811
59526.367278611106,17.86,0.041,c,18.865,18.065,1.813
59526.373701611104,17.833,0.04,c,18.865,18.065,1.813
59528.36875861111,17.581,0.043,o,18.865,18.086,1.898
59528.369685611106,17.615,0.05,o,18.865,18.086,1.898
59528.37198861111,17.62,0.05,o,18.865,18.086,1.898
59528.37291261111,17.634,0.053,o,18.865,18.086,1.898
59528.37754761111,17.698,0.046,o,18.865,18.086,1.898
59528.37847061111,17.613,0.047,o,18.865,18.086,1.898
59528.39098261111,17.608,0.042,o,18.865,18.086,1.898
59528.39144461111,17.646,0.053,o,18.865,18.086,1.898
59530.343367611116,17.759,0.084,o,18.865,18.108,1.979
59530.3557906111,17.61,0.064,o,18.865,18.108,1.979
59538.412192611104,17.668,0.074,o,18.864,18.208,2.282
59538.41539461111,17.738,0.074,o,18.864,18.208,2.282
59538.42233261112,17.719,0.079,o,18.864,18.208,2.283
59538.43334761111,17.695,0.09,o,18.864,18.208,2.283
59539.42040761111,17.649,0.074,o,18.864,18.221,2.317
59539.430550611105,17.86,0.081,o,18.864,18.221,2.317
59539.44302361111,17.831,0.084,o,18.864,18.221,2.318
59541.31975061111,17.801,0.07,o,18.864,18.247,2.38
59541.34393261111,17.604,0.06,o,18.864,18.247,2.381
59541.34861961111,17.827,0.064,o,18.864,18.247,2.381
59541.36614861111,17.991,0.094,o,18.864,18.247,2.381
59542.2955516111,17.776,0.047,o,18.864,18.26,2.411
59542.29970861111,17.745,0.042,o,18.864,18.26,2.411
59542.3066146111,17.76,0.049,o,18.864,18.26,2.411
59542.31952061111,17.765,0.053,o,18.864,18.261,2.412
59543.291600611105,17.785,0.037,o,18.864,18.274,2.442
59543.29442461111,17.768,0.043,o,18.864,18.274,2.442
59543.31968561111,17.723,0.038,o,18.864,18.275,2.443
59543.33780761111,17.839,0.037,o,18.864,18.275,2.444
59544.328049611104,17.704,0.047,o,18.864,18.289,2.474
59544.330832611115,17.77,0.049,o,18.864,18.289,2.474
59544.33774261111,17.75,0.053,o,18.864,18.289,2.474
59544.34835661111,17.794,0.051,o,18.864,18.289,2.474
59546.337133611116,17.851,0.047,o,18.864,18.318,2.533
59546.34040761111,17.659,0.04,o,18.864,18.318,2.533
59546.3464036111,17.721,0.038,o,18.864,18.318,2.533
59546.35837161111,17.725,0.047,o,18.864,18.318,2.533
59564.26908761111,17.789,0.11,o,18.863,18.602,2.902
59564.27187061111,17.818,0.109,o,18.863,18.602,2.902
59564.276970611114,17.777,0.115,o,18.863,18.602,2.902
59564.28160661111,17.876,0.12,o,18.863,18.602,2.902
59565.24699061111,17.921,0.084,o,18.863,18.618,2.914
59565.250226611104,17.853,0.093,o,18.863,18.618,2.914
59565.2586276111,17.799,0.099,o,18.863,18.618,2.914
59565.26093761111,17.835,0.093,o,18.863,18.618,2.914
59565.27570861111,17.826,0.097,o,18.863,18.619,2.914
59565.2770896111,17.793,0.086,o,18.863,18.619,2.914
59584.2291166111,18.143,0.078,o,18.861,18.943,2.97
59584.23335561111,17.913,0.06,o,18.861,18.943,2.97
59584.23983361111,17.94,0.056,o,18.861,18.944,2.97
59584.25092061111,17.984,0.067,o,18.861,18.944,2.97
59586.21764361111,18.003,0.084,o,18.861,18.977,2.956
59586.220850611106,17.936,0.071,o,18.861,18.977,2.956
59586.2268116111,17.91,0.07,o,18.861,18.978,2.956
59586.2546876111,17.834,0.055,o,18.861,18.978,2.956
59590.21903361111,17.834,0.13,o,18.861,19.045,2.92
59590.22227661111,17.861,0.111,o,18.861,19.045,2.92
59590.227772611106,17.952,0.094,o,18.861,19.045,2.919
59590.2396906111,17.972,0.105,o,18.861,19.046,2.919
59592.25872161111,17.888,0.131,o,18.861,19.08,2.895
59592.271683611114,17.981,0.126,o,18.861,19.08,2.895
59598.7904796111,17.717,0.104,o,18.86,19.187,2.794
59598.80036961111,17.898,0.117,o,18.86,19.187,2.794
59600.242102611104,17.95,0.087,o,18.86,19.21,2.768
59600.24533561111,18.05,0.08,o,18.86,19.21,2.768
59600.25224261112,18.11,0.089,o,18.86,19.21,2.767
59600.264265611106,17.935,0.077,o,18.86,19.211,2.767
59768.567825611106,18.295,0.066,c,18.842,18.815,3.094
59768.570992611116,18.267,0.063,c,18.842,18.815,3.094
59768.58102161111,18.278,0.059,c,18.842,18.814,3.094
59768.5937296111,18.342,0.071,c,18.842,18.814,3.094
59769.1643026111,18.023,0.077,o,18.842,18.805,3.094
59769.174432611115,18.309,0.089,o,18.842,18.804,3.094
59769.18225361111,18.007,0.098,o,18.842,18.804,3.094
59769.185475611106,18.066,0.121,o,18.842,18.804,3.094
59770.5541166111,18.176,0.08,o,18.842,18.781,3.092
59770.56789461112,18.04,0.066,o,18.842,18.781,3.092
59770.57154461111,18.098,0.077,o,18.842,18.781,3.092
59770.583465611104,18.077,0.065,o,18.842,18.781,3.092
59772.591468611114,17.902,0.074,o,18.842,18.747,3.087
59772.5968916111,17.968,0.066,o,18.842,18.747,3.087
59772.6109696111,18.036,0.054,o,18.842,18.747,3.087
59772.61732261111,17.965,0.069,o,18.842,18.746,3.087
59773.102939611104,17.737,0.102,o,18.842,18.738,3.085
59773.1061016111,18.177,0.157,o,18.842,18.738,3.085
59773.111346611106,18.12,0.127,o,18.842,18.738,3.085
59773.1186146111,18.034,0.132,o,18.842,18.738,3.085
59774.54526961111,18.131,0.123,o,18.842,18.714,3.078
59774.54847261111,18.154,0.136,o,18.842,18.714,3.078
59774.5553046111,17.891,0.097,o,18.842,18.714,3.078
59774.565889611105,18.199,0.114,o,18.842,18.714,3.078
59777.05159461111,17.735,0.127,o,18.841,18.672,3.063
59783.36712261111,18.058,0.057,o,18.84,18.568,2.999
59783.36894761111,18.031,0.059,o,18.84,18.568,2.999
59783.37313261111,17.986,0.051,o,18.84,18.567,2.999
59783.38470661111,18.117,0.067,o,18.84,18.567,2.999
59784.580076611106,18.281,0.061,c,18.84,18.548,2.983
59784.58326761112,18.209,0.055,c,18.84,18.548,2.983
59784.60415761111,18.213,0.068,c,18.84,18.547,2.983
59784.615930611115,18.278,0.065,c,18.84,18.547,2.983
59785.069119611115,18.226,0.059,c,18.84,18.54,2.976
59785.072765611105,18.13,0.051,c,18.84,18.54,2.976
59785.093825611104,18.08,0.046,c,18.84,18.539,2.976
59785.112967611116,18.184,0.046,c,18.84,18.539,2.976
59786.57867161111,18.073,0.066,o,18.84,18.515,2.954
59786.58854361111,18.185,0.072,o,18.84,18.515,2.954
59786.59264261111,18.108,0.071,o,18.84,18.515,2.954
59786.601997611106,18.146,0.079,o,18.84,18.515,2.953
59788.56605961111,18.199,0.063,c,18.84,18.483,2.921
59788.56922561111,18.282,0.067,c,18.84,18.483,2.921
59788.574653611104,18.222,0.056,c,18.84,18.483,2.921
59788.57555861111,18.035,0.046,c,18.84,18.483,2.921
59788.57872461111,18.193,0.051,c,18.84,18.483,2.921
59788.580080611115,18.087,0.057,c,18.84,18.483,2.921
59788.58414861112,18.132,0.053,c,18.84,18.483,2.921
59788.60887261111,18.225,0.057,c,18.84,18.483,2.92
59791.4110526111,18.328,0.069,c,18.839,18.438,2.869
59791.414092611114,18.097,0.054,c,18.839,18.438,2.868
59791.4289126111,18.243,0.068,c,18.839,18.438,2.868
59791.43337361111,18.158,0.071,c,18.839,18.438,2.868
59792.45424661111,18.149,0.072,c,18.839,18.422,2.848
59792.461032611114,18.226,0.081,c,18.839,18.422,2.847
59792.484844611114,18.377,0.076,c,18.839,18.422,2.847
59792.48940161111,18.176,0.078,c,18.839,18.422,2.847
59792.49211461111,18.116,0.065,c,18.839,18.422,2.847
59796.580081611115,18.159,0.059,c,18.839,18.359,2.755
59796.58324461111,18.252,0.068,c,18.839,18.359,2.755
59796.6030366111,18.219,0.055,c,18.839,18.359,2.755
59796.612614611106,18.28,0.062,c,18.839,18.359,2.755
59797.1503886111,18.175,0.057,c,18.838,18.351,2.742
59797.15481061111,18.265,0.06,c,18.838,18.35,2.742
59797.16049361111,18.154,0.05,c,18.838,18.35,2.741
59797.165999611105,18.265,0.058,c,18.838,18.35,2.741
59799.28820261111,18.191,0.119,o,18.838,18.319,2.688
59799.30299061111,17.801,0.074,o,18.838,18.319,2.687
59799.30798561111,17.992,0.105,o,18.838,18.319,2.687
59800.440142611114,17.91,0.106,o,18.838,18.302,2.657
59800.4424046111,18.114,0.089,o,18.838,18.302,2.657
59800.44556861112,18.003,0.093,o,18.838,18.302,2.657
59800.458414611116,18.177,0.147,o,18.838,18.302,2.656
59801.05399461111,18.158,0.131,o,18.838,18.293,2.64
59803.29674261111,17.76,0.105,o,18.838,18.261,2.576
59804.50681861111,18.029,0.108,o,18.837,18.244,2.54
59804.50864561111,17.853,0.116,o,18.837,18.244,2.54
59804.51226761112,17.901,0.101,o,18.837,18.244,2.54
59804.51769361111,17.976,0.103,o,18.837,18.244,2.54
59808.5324866111,17.963,0.093,o,18.837,18.19,2.412
59808.53429661111,18.072,0.09,o,18.837,18.19,2.412
59808.537475611105,17.878,0.08,o,18.837,18.19,2.411
59808.54293861111,17.926,0.08,o,18.837,18.19,2.411
59809.479298611106,17.878,0.063,o,18.837,18.177,2.38
59809.481105611114,17.948,0.062,o,18.837,18.177,2.38
59809.49664461112,17.86,0.052,o,18.837,18.177,2.379
59809.51445561111,17.99,0.065,o,18.837,18.177,2.378
59810.46347161111,17.944,0.068,o,18.837,18.165,2.346
59810.465293611116,17.889,0.061,o,18.837,18.165,2.346
59810.470763611105,17.998,0.068,o,18.837,18.165,2.346
59810.48823561111,17.963,0.072,o,18.837,18.164,2.345
59812.52438361111,17.899,0.066,o,18.836,18.139,2.272
59812.52754961111,18.022,0.063,o,18.836,18.139,2.272
59812.53388561111,17.909,0.058,o,18.836,18.139,2.272
59812.5538916111,17.971,0.06,o,18.836,18.138,2.271
59813.025501611104,17.913,0.051,o,18.836,18.133,2.254
59813.0273036111,17.882,0.041,o,18.836,18.133,2.254
59813.03047161111,17.817,0.04,o,18.836,18.132,2.254
59813.05866761111,17.973,0.049,o,18.836,18.132,2.253
59814.5166546111,18.086,0.08,o,18.836,18.114,2.199
59814.5194136111,18.001,0.081,o,18.836,18.114,2.199
59814.54162261111,17.884,0.067,o,18.836,18.114,2.198
59814.55512561111,17.96,0.068,o,18.836,18.114,2.197
59818.49720761111,17.971,0.054,o,18.835,18.068,2.043
59818.500875611106,17.94,0.057,o,18.835,18.068,2.043
59818.50406761112,18.029,0.064,o,18.835,18.068,2.043
59818.53042561111,17.981,0.062,o,18.835,18.068,2.042
59819.266004611105,18.171,0.048,c,18.835,18.06,2.012
59820.503805611115,18.095,0.049,c,18.835,18.046,1.961
59820.5056156111,18.086,0.052,c,18.835,18.046,1.961
59820.510143611114,18.098,0.056,c,18.835,18.046,1.961
59820.54341461111,18.144,0.052,c,18.835,18.046,1.959
59822.382838611105,18.027,0.064,o,18.835,18.026,1.882
59822.41795661111,17.928,0.047,o,18.835,18.026,1.88
59822.43486161111,18.001,0.054,o,18.835,18.026,1.879
59822.457057611115,18.167,0.067,o,18.835,18.026,1.878
59823.33024661111,18.221,0.058,c,18.835,18.017,1.841
59824.4049406111,18.236,0.061,c,18.835,18.006,1.794
59824.4067486111,18.266,0.068,c,18.835,18.006,1.794
59824.44134261111,18.117,0.051,c,18.835,18.006,1.792
59824.45715361111,18.156,0.055,c,18.835,18.006,1.792
59824.992513611105,17.833,0.064,o,18.834,18.001,1.768
59824.99612161111,17.893,0.07,o,18.834,18.0,1.768
59825.00154861111,17.868,0.065,o,18.834,18.0,1.768
59825.00971361111,17.793,0.049,o,18.834,18.0,1.767
59826.487051611104,17.756,0.054,o,18.834,17.986,1.701
59826.48887161111,17.79,0.059,o,18.834,17.986,1.701
59826.49160561111,17.864,0.057,o,18.834,17.986,1.701
59826.51621061111,17.928,0.052,o,18.834,17.986,1.7
59827.0982166111,17.839,0.134,o,18.834,17.981,1.673
59827.13363161111,17.862,0.12,o,18.834,17.98,1.672
59828.964486611105,17.989,0.071,o,18.834,17.964,1.588
59828.969988611105,17.86,0.069,o,18.834,17.964,1.587
59828.97364561111,17.883,0.076,o,18.834,17.964,1.587
59828.97905861111,17.892,0.075,o,18.834,17.964,1.587
59830.430083611114,18.113,0.13,o,18.834,17.952,1.519
59830.44204461111,17.717,0.083,o,18.834,17.952,1.519
59830.44523961111,18.014,0.104,o,18.834,17.952,1.518
59831.18268061111,17.819,0.157,o,18.833,17.946,1.484
59831.18448161111,17.691,0.134,o,18.833,17.946,1.484
59831.2224546111,17.865,0.142,o,18.833,17.945,1.482
59831.229242611116,18.057,0.123,o,18.833,17.945,1.481
59836.5613026111,17.957,0.097,o,18.833,17.906,1.222
59836.56523761111,17.789,0.089,o,18.833,17.906,1.221
59836.57364261111,18.018,0.096,o,18.833,17.906,1.221
59836.58348161111,18.017,0.107,o,18.833,17.906,1.22
59837.01224461111,17.989,0.149,o,18.833,17.903,1.199
59837.015399611104,17.85,0.106,o,18.833,17.903,1.199
59837.02189161111,18.138,0.148,o,18.833,17.903,1.199
59837.03187261111,17.888,0.102,o,18.833,17.903,1.198
59837.551576611106,17.854,0.064,o,18.833,17.899,1.172
59837.566455611115,17.832,0.078,o,18.833,17.899,1.171
59837.5845796111,17.792,0.065,o,18.833,17.899,1.17
59837.589662611106,17.889,0.069,o,18.833,17.899,1.17
59838.47933461111,17.865,0.051,o,18.832,17.894,1.125
59838.48213661111,17.985,0.057,o,18.832,17.894,1.125
59838.48755261111,17.826,0.056,o,18.832,17.894,1.125
59838.522816611105,17.875,0.055,o,18.832,17.893,1.123
59840.43717961111,18.051,0.055,o,18.832,17.882,1.026
59840.4390276111,17.984,0.048,o,18.832,17.882,1.026
59840.44179761111,17.913,0.047,o,18.832,17.882,1.026
59840.449724611106,17.851,0.045,o,18.832,17.882,1.025
59840.4839296111,17.871,0.059,o,18.832,17.882,1.023
59840.48710761111,17.919,0.058,o,18.832,17.882,1.023
59840.51949961111,17.901,0.05,o,18.832,17.882,1.022
59840.526757611115,17.904,0.06,o,18.832,17.882,1.021
59842.4275776111,18.152,0.048,c,18.832,17.872,0.923
59842.43080561111,18.048,0.048,c,18.832,17.872,0.923
59842.44992261111,18.07,0.047,c,18.832,17.872,0.922
59842.46973061111,18.014,0.052,c,18.832,17.872,0.921
59843.170236611106,17.827,0.048,o,18.832,17.868,0.885
59843.17374161111,17.713,0.044,o,18.832,17.868,0.885
59843.17870061111,17.809,0.049,o,18.832,17.868,0.884
59843.19966261111,17.78,0.047,o,18.832,17.868,0.883
59844.43848961111,17.788,0.046,o,18.831,17.862,0.819
59844.44029861111,17.839,0.049,o,18.831,17.862,0.819
59844.46113461111,17.851,0.053,o,18.831,17.862,0.818
59844.46804661111,17.852,0.053,o,18.831,17.862,0.817
59848.40924361111,17.875,0.044,o,18.831,17.847,0.61
59848.41570961111,17.878,0.048,o,18.831,17.847,0.61
59848.41978361111,17.817,0.051,o,18.831,17.847,0.609
59848.44317061111,17.82,0.053,o,18.831,17.847,0.608
59850.41656461111,17.951,0.041,c,18.83,17.841,0.504
59850.418450611105,17.967,0.041,c,18.83,17.841,0.504
59850.43821061111,18.005,0.041,c,18.83,17.841,0.502
59850.45678461111,17.896,0.042,c,18.83,17.841,0.501
59851.209934611106,17.764,0.038,o,18.83,17.839,0.462
59851.23841561111,17.812,0.039,o,18.83,17.839,0.46
59851.26259561111,17.741,0.042,o,18.83,17.839,0.459
59851.26554761111,17.737,0.041,o,18.83,17.839,0.459
59852.91094761111,17.983,0.039,c,18.83,17.836,0.372
59852.9141046111,17.943,0.043,c,18.83,17.836,0.372
59852.919080611115,17.955,0.046,c,18.83,17.836,0.372
59852.92452361111,18.012,0.044,c,18.83,17.836,0.372
59854.52357761111,18.14,0.079,c,18.83,17.833,0.289
59854.535478611106,18.022,0.075,c,18.83,17.833,0.288
59854.5382666111,18.067,0.049,c,18.83,17.833,0.288
59854.54995061111,17.99,0.056,c,18.83,17.833,0.288
59855.16491761112,17.647,0.049,o,18.83,17.832,0.257
59855.16807461111,17.642,0.054,o,18.83,17.832,0.257
59855.17123161112,17.573,0.048,o,18.83,17.832,0.257
59855.19643061111,17.675,0.048,o,18.83,17.832,0.255
59858.48816261112,17.614,0.049,o,18.829,17.83,0.117
59858.49104761111,17.704,0.079,o,18.829,17.83,0.117
59858.52124261111,17.685,0.077,o,18.829,17.83,0.116
59858.5498296111,17.594,0.056,o,18.829,17.83,0.115
59859.1075786111,17.71,0.09,o,18.829,17.83,0.106
59859.10939261111,17.869,0.116,o,18.829,17.83,0.106
59859.1125546111,17.684,0.101,o,18.829,17.83,0.106
59864.42653961111,17.748,0.071,o,18.828,17.834,0.29
59864.42970561111,17.715,0.069,o,18.828,17.835,0.291
59864.435582611106,17.648,0.058,o,18.828,17.835,0.291
59864.44554661111,17.739,0.06,o,18.828,17.835,0.291
59864.5169886111,17.791,0.09,o,18.828,17.835,0.295
59864.5228916111,17.745,0.079,o,18.828,17.835,0.295
59864.54998961111,17.657,0.081,o,18.828,17.835,0.297
59864.5752276111,17.642,0.081,o,18.828,17.835,0.298
59866.44247061111,17.83,0.057,o,18.828,17.838,0.395
59866.45063361111,17.701,0.105,o,18.828,17.838,0.395
59866.453866611104,17.611,0.06,o,18.828,17.838,0.395
59866.458681611104,17.696,0.046,o,18.828,17.838,0.396
59866.46184561111,17.754,0.051,o,18.828,17.838,0.396
59866.478961611116,17.745,0.049,o,18.828,17.839,0.397
59866.49278461111,17.828,0.051,o,18.828,17.839,0.398
59867.49097461111,17.763,0.05,o,18.828,17.841,0.45
59867.51666161111,17.791,0.047,o,18.828,17.841,0.451
59867.52082561111,17.837,0.058,o,18.828,17.841,0.452
59867.52639861112,17.882,0.065,o,18.828,17.841,0.452
59868.408866611106,17.834,0.046,o,18.828,17.843,0.498
59868.412482611115,17.708,0.046,o,18.828,17.843,0.498
59868.41880261111,17.712,0.043,o,18.828,17.844,0.499
59868.429332611115,17.696,0.046,o,18.828,17.844,0.499
59869.51239561111,17.803,0.049,o,18.827,17.847,0.557
59869.532600611106,17.897,0.052,o,18.827,17.847,0.558
59869.53676061111,17.829,0.061,o,18.827,17.847,0.558
59869.55084461111,17.735,0.06,o,18.827,17.847,0.559
59870.396273611106,18.03,0.051,c,18.827,17.85,0.603
59870.39924561111,18.066,0.052,c,18.827,17.85,0.603
59870.40227461111,17.816,0.04,o,18.827,17.85,0.604
59870.422229611104,18.01,0.052,c,18.827,17.85,0.605
59870.42989061111,18.018,0.053,c,18.827,17.85,0.605
59870.434787611106,17.802,0.042,o,18.827,17.85,0.605
59870.437703611104,17.841,0.048,o,18.827,17.85,0.606
59870.44324861111,17.828,0.043,o,18.827,17.85,0.606
59871.22221761112,18.033,0.059,c,18.827,17.853,0.647
59871.22742261111,18.086,0.058,c,18.827,17.853,0.647
59871.23058961111,18.011,0.052,c,18.827,17.853,0.647
59871.26601261111,18.046,0.054,c,18.827,17.853,0.649
59871.278686611106,17.801,0.038,o,18.827,17.853,0.65
59871.28145961111,17.845,0.039,o,18.827,17.853,0.65
59871.28423261111,17.826,0.041,o,18.827,17.853,0.65
59871.2965546111,17.757,0.052,o,18.827,17.853,0.651
59872.383099611114,18.124,0.058,c,18.827,17.857,0.708
59872.417677611105,18.087,0.05,c,18.827,17.857,0.71
59872.42084061111,18.066,0.05,c,18.827,17.857,0.71
59872.42716961111,18.12,0.053,c,18.827,17.857,0.71
59872.89822161111,17.864,0.055,o,18.827,17.859,0.735
59872.900960611114,17.722,0.06,o,18.827,17.859,0.735
59872.932797611116,17.904,0.101,o,18.827,17.86,0.737
59872.93912061111,17.813,0.068,o,18.827,17.86,0.737
59874.44283761111,17.918,0.046,o,18.827,17.866,0.816
59874.44607161111,17.794,0.038,o,18.827,17.866,0.816
59874.45162561111,17.886,0.043,o,18.827,17.866,0.816
59874.462727611106,17.903,0.045,o,18.827,17.866,0.817
59875.19658261111,18.017,0.047,c,18.826,17.87,0.855
59875.20126261111,18.136,0.054,c,18.826,17.87,0.855
59875.210952611094,18.075,0.052,c,18.826,17.87,0.856
59875.23909361111,18.095,0.056,c,18.826,17.87,0.857
59876.396019611115,18.057,0.056,c,18.826,17.876,0.918
59876.40017061111,18.27,0.061,c,18.826,17.876,0.918
59876.405693611116,18.087,0.054,c,18.826,17.876,0.918
59876.41633661111,18.182,0.062,c,18.826,17.876,0.919
59876.88586761111,17.918,0.046,o,18.826,17.879,0.943
59876.88860961111,17.756,0.055,o,18.826,17.879,0.943
59876.893593611116,17.802,0.048,o,18.826,17.879,0.943
59878.3743636111,17.868,0.055,o,18.826,17.887,1.019
59878.37725361111,17.904,0.063,o,18.826,17.887,1.02
59878.384669611114,17.993,0.056,o,18.826,17.887,1.02
59878.39630761111,17.864,0.053,o,18.826,17.887,1.02
59879.16580161111,18.076,0.057,c,18.826,17.892,1.06
59879.169405611116,18.099,0.061,c,18.826,17.892,1.06
59879.175713611105,18.086,0.055,c,18.826,17.892,1.06
59879.20877961109,18.057,0.058,c,18.826,17.892,1.062
59880.39032461111,18.085,0.067,c,18.826,17.899,1.122
59880.393951611106,18.134,0.054,c,18.826,17.899,1.122
59880.39983361111,18.123,0.054,c,18.826,17.899,1.122
59880.421613611106,18.225,0.058,c,18.826,17.899,1.123
59880.7871916111,17.928,0.078,o,18.826,17.902,1.142
59880.78899361111,18.003,0.087,o,18.826,17.902,1.142
59880.793065611106,17.889,0.07,o,18.826,17.902,1.142
59880.8162666111,17.935,0.061,o,18.826,17.902,1.143
59882.382301611106,17.936,0.04,o,18.825,17.913,1.222
59882.38784261112,17.909,0.04,o,18.825,17.913,1.222
59882.3910786111,17.966,0.046,o,18.825,17.913,1.222
59882.40109961111,17.923,0.039,o,18.825,17.913,1.222
59883.124286611106,17.949,0.05,o,18.825,17.918,1.258
59883.1274376111,17.87,0.046,o,18.825,17.918,1.258
59883.13284961111,17.945,0.05,o,18.825,17.918,1.259
59883.14682961111,17.964,0.051,o,18.825,17.918,1.259
59884.375979611104,17.911,0.058,o,18.825,17.927,1.32
59884.37914861111,17.831,0.048,o,18.825,17.927,1.32
59884.38457261111,17.949,0.058,o,18.825,17.927,1.32
59884.39654461111,17.964,0.054,o,18.825,17.927,1.321
59886.38247661111,17.778,0.057,o,18.825,17.943,1.417
59887.12362561111,17.85,0.104,o,18.824,17.949,1.452
59887.126328611106,17.992,0.124,o,18.824,17.949,1.452
59887.15495861111,17.883,0.142,o,18.824,17.949,1.454
59887.18303661111,18.002,0.112,o,18.824,17.949,1.455
59892.8802036111,18.006,0.128,o,18.823,18.001,1.717
59892.904541611104,17.88,0.13,o,18.823,18.001,1.718
59892.90724561111,17.877,0.111,o,18.823,18.001,1.718
59893.39812461111,17.863,0.086,o,18.823,18.006,1.74
59893.40129361111,18.049,0.087,o,18.823,18.006,1.74
59893.417676611105,18.065,0.1,o,18.823,18.006,1.741
59893.424581611114,17.976,0.091,o,18.823,18.006,1.742
59894.34159261111,17.879,0.059,o,18.823,18.016,1.782
59894.34437561111,17.948,0.057,o,18.823,18.016,1.782
59894.351313611114,18.031,0.076,o,18.823,18.016,1.782
59894.36148661111,17.972,0.067,o,18.823,18.016,1.782
59895.41011061111,18.06,0.072,o,18.823,18.027,1.828
59895.41341061111,18.048,0.076,o,18.823,18.027,1.828
59895.43732661111,17.89,0.074,o,18.823,18.027,1.829
59896.39356661109,18.015,0.069,o,18.823,18.037,1.87
59896.3977166111,17.997,0.062,o,18.823,18.037,1.87
59896.41044661111,17.973,0.06,o,18.823,18.037,1.871
59896.45220661111,17.906,0.068,o,18.823,18.038,1.872
59896.454992611114,18.05,0.076,o,18.823,18.038,1.873
59896.47626761111,17.887,0.084,o,18.823,18.038,1.874
59896.48183361111,17.816,0.064,o,18.823,18.038,1.874
59896.85493361112,18.167,0.055,c,18.823,18.042,1.889
59896.858552611106,18.206,0.057,c,18.823,18.042,1.89
59896.8639626111,18.075,0.052,c,18.823,18.042,1.89
59896.87855961111,18.239,0.061,c,18.823,18.042,1.89
59897.26658161111,17.943,0.06,o,18.823,18.046,1.907
59897.268841611105,17.931,0.052,o,18.823,18.046,1.907
59897.2720046111,17.947,0.053,o,18.823,18.047,1.907
59897.295131611114,17.929,0.053,o,18.823,18.047,1.908
59898.3616416111,18.206,0.052,c,18.823,18.059,1.952
59898.3696146111,18.213,0.045,c,18.823,18.059,1.952
59898.372388611104,18.147,0.052,c,18.822,18.059,1.952
59898.37801161111,18.195,0.059,c,18.822,18.059,1.953
59899.079450611105,17.885,0.047,o,18.822,18.067,1.981
59899.08260661111,17.862,0.077,o,18.822,18.067,1.981
59899.08762261111,18.073,0.067,o,18.822,18.067,1.982
59899.10011361111,18.006,0.057,o,18.822,18.067,1.982
59900.8310136111,18.045,0.067,c,18.822,18.087,2.052
59900.83417261111,18.195,0.058,c,18.822,18.087,2.052
59902.28154361111,18.267,0.056,c,18.822,18.104,2.108
59902.28479161111,18.129,0.049,c,18.822,18.104,2.108
59902.310623611105,18.219,0.055,c,18.822,18.104,2.109
59902.31617161111,18.107,0.047,c,18.822,18.104,2.109
59903.06823561111,18.032,0.061,o,18.822,18.114,2.138
59903.071388611104,17.942,0.056,o,18.822,18.114,2.138
59903.0781546111,18.097,0.066,o,18.822,18.114,2.138
59903.088269611115,18.1,0.072,o,18.822,18.114,2.139
59906.322378611105,18.216,0.049,c,18.821,18.154,2.258
59906.32561361111,18.221,0.052,c,18.821,18.154,2.258
59906.331155611115,18.25,0.051,c,18.821,18.154,2.258
59906.353414611105,18.219,0.05,c,18.821,18.155,2.259
59907.084892611114,17.859,0.149,o,18.821,18.164,2.284
59907.0952646111,18.144,0.152,o,18.821,18.164,2.285
59908.30943661111,18.037,0.049,o,18.821,18.18,2.327
59908.3130546111,18.003,0.055,o,18.821,18.18,2.327
59908.33010861111,18.054,0.063,o,18.821,18.181,2.327
59911.069626611104,18.121,0.079,o,18.82,18.218,2.417
59911.07278261111,17.963,0.069,o,18.82,18.218,2.417
59911.08815861112,17.973,0.063,o,18.82,18.218,2.418
59912.815744611114,18.037,0.071,o,18.82,18.242,2.472
59912.81892161111,18.077,0.079,o,18.82,18.242,2.472
59912.8252286111,18.092,0.082,o,18.82,18.242,2.472
59912.83742061112,18.116,0.085,o,18.82,18.243,2.472
59919.107501611106,17.871,0.143,o,18.819,18.334,2.646
59919.110654611104,17.951,0.152,o,18.819,18.334,2.646
59919.120610611106,17.766,0.119,o,18.819,18.335,2.646
59920.82758461111,17.878,0.115,o,18.818,18.361,2.688
59920.830748611115,17.896,0.101,o,18.818,18.361,2.688
59920.837517611115,18.121,0.136,o,18.818,18.361,2.688
59920.847444611114,18.022,0.134,o,18.818,18.361,2.688
59923.078556611115,18.09,0.078,o,18.818,18.395,2.739
59923.08170861112,17.977,0.072,o,18.818,18.396,2.739
59923.0885526111,18.148,0.104,o,18.818,18.396,2.739
59923.098480611116,18.006,0.107,o,18.818,18.396,2.739
59927.059642611115,18.381,0.065,c,18.817,18.459,2.818
59927.06279661111,18.238,0.058,c,18.817,18.459,2.818
59927.0686526111,18.318,0.059,c,18.817,18.459,2.818
59927.07872661111,18.243,0.06,c,18.817,18.459,2.818
59931.04006761112,18.232,0.076,c,18.817,18.524,2.882
59931.049986611106,18.337,0.062,c,18.817,18.524,2.882
59948.804630611114,17.788,0.137,o,18.813,18.825,2.993
59948.81599961111,17.851,0.161,o,18.813,18.825,2.993
59960.212313611104,18.05,0.086,o,18.811,19.018,2.913
59960.215478611106,18.135,0.09,o,18.811,19.018,2.913
59964.212252611105,18.127,0.115,o,18.81,19.084,2.858
59964.24671761112,18.12,0.087,o,18.81,19.084,2.857
59964.25809961111,18.171,0.083,o,18.81,19.085,2.857
