,index,Date,LAST,HA,Az,H,Dobs,Dhelio,VMag,SDSS:g,SDSS:r,Phase,Elong.,AM,dRAcosDEC,dDEC,RV,RA,Dec,Longitude,Latitude,d:DR3Name,d:Plx,d:anomaly_score,d:cdsxmatch,d:e_Plx,d:gcvs,d:mangrove_2MASS_name,d:mangrove_HyperLEDA_name,d:mangrove_ang_dist,d:mangrove_lum_dist,d:mulens,d:rf_kn_vs_nonkn,d:rf_snia_vs_nonia,d:roid,d:snn_sn_vs_all,d:snn_snia_vs_nonia,d:t2_AGN,d:t2_EB,d:t2_KN,d:t2_M-dwarf,d:t2_Mira,d:t2_RRL,d:t2_SLSN-I,d:t2_SNII,d:t2_SNIa,d:t2_SNIa-91bg,d:t2_SNIax,d:t2_SNIbc,d:t2_TDE,d:t2_mu-Lens-Single,d:vsx,d:x3hsp,d:x4lac,i:candid,i:chipsf,i:classtar,i:dec,i:diffmaglim,i:distnr,i:distpsnr1,i:drb,i:fid,i:field,i:isdiffpos,i:jd,i:jdendhist,i:jdstarthist,i:maggaia,i:magnr,i:magpsf,i:magzpsci,i:ndethist,i:neargaia,i:nid,i:nmtchps,i:objectId,i:publisher,i:ra,i:rb,i:rcid,i:sgscore1,i:sigmagnr,i:sigmapsf,i:ssdistnr,i:ssmagnr,i:ssnamenr,i:tooflag,i:xpos,i:ypos,d:tracklet,v:classification,v:lastdate,v:firstdate,v:lapse,v:constellation,i:magpsf_red,Julian date,delta,r,alpha,reduced_mag,DecimalYear,reduced_mag_alpha_corr,reduced_mag_alpha_corr_quiescent
63,138,2459227.610613,02:23:02.82,2.1437058431000002,232.8771061197,48.2699657198,19.1438894401,18.8663655666,18.7246278901,19.1863278901,18.4329278901,2.8450747769999998,72.1932889016,1.3388242318999999,0.0595243467,0.017570641,28.8498674354,3.60616125,4.2905311111,5.0133945139,2.5041209722,nan,,,Unknown,,nan,nan,nan,nan,nan,0,0,0,3,0,0,,,,,,,,,,,,,,,nan,nan,nan,1473110432515015000,0.9818258999999999,0.987,4.2905191,19.780544,8.099228,20.470917,0.9999994999999999,1,447,t,2459227.6104398,2459227.6104398,2459227.6104398,18.616442,22.924,18.841920000000002,26.066921,1,20.472273,1473,1,ZTF21aadsnof,Fink,3.6061746,0.9071429,25,0.9748749999999999,0.301,0.08488628000000001,0,18.9,2060,0,2599.037,655.9039,,Solar System MPC,2021-01-13 02:39:01.999,2021-01-13 02:39:01.999,0.0,Pisces,6.0533278859,2459227.6104398,18.0404979745249,18.85703686694,1.8527,6.183310142925288,2021.0331792871239,5.808952813710078,5.808952813710078
64,139,2459224.650081,03:08:12.49,2.9009955821,243.9631019548,40.1652326101,19.0945383506,18.866236408,18.7217800366,19.1834800366,18.4300800366,2.8879427974,75.1368205221,1.548085589,0.0540468421,0.014960991000000002,29.3379602225,3.5371229167,4.2711713889,4.9424569278,2.5137139722,nan,,,Unknown,,nan,nan,nan,nan,nan,0,0,0,3,0,0,,,,,,,,,,,,,,,nan,nan,nan,1470149902515015003,1.6915848,0.9450000000000001,4.2711404,19.99645,6.312129,14.689131,0.99993885,1,447,t,2459224.6499074,2459224.6499074,2459224.6434144,19.433363,22.962,18.975414,26.279413,2,14.691101,1470,2,ZTF21aacveox,Fink,3.5370942,0.85714287,25,0.996667,0.271,0.13597476,0,18.9,2060,0,2824.6543,708.4321,,Solar System MPC,2021-01-10 03:35:51.999,2021-01-10 03:26:31.004,0.0064929998000000004,Pisces,6.1924418247,2459224.6499074,18.0113111559522,18.85730783389,1.7178,6.320288901514118,2021.0250682394517,5.940290962162604,5.940290962162604
65,141,2459202.670868,02:11:29.15,1.975100296,229.9013567141,49.8719639954,18.7162235959,18.8651898088,18.6832056491,19.1449056491,18.3915056491,2.9658926543,97.2221897145,1.3068698317,0.008852944,-0.0049828401,30.0228721423,3.2449504167,4.2259325,4.6568276028,2.5880139167,nan,,,Unknown,,nan,nan,nan,nan,nan,0,0,0,3,0,0,,,,,,,,,,,,,,,nan,nan,nan,1448170692815015003,1.7653127,0.966,4.2258841,20.090237,17.46184,23.941338000000002,0.99999833,1,447,t,2459202.6706944,2459202.6706944,2459202.63125,20.145212,23.448,18.922724,26.328724,2,39.163612,1448,2,ZTF20acymwbj,Fink,3.2449189,0.8842857,28,0.5,0.331,0.09296678,0,18.9,2060,0,320.3295,875.7514,,Solar System MPC,2020-12-19 04:05:47.996,2020-12-19 03:09:00.000,0.0394444,Pisces,6.1833269798,2459202.6706944,18.0034516904245,18.85738416298,1.6785,6.26853786852244,2020.9649472524593,5.878283221516809,5.878283221516809
66,143,2459199.670463,01:59:04.37,1.7687924576,226.0828488824,51.7989361573,18.6647154677,18.8650349546,18.6757097062,19.1374097062,18.3840097062,2.9425239973,100.2687256923,1.271672227,0.0024250459,-0.0077436193,29.7712556544,3.2363383333,4.2334983333,4.6519495861,2.59837075,nan,,,Unknown,,nan,nan,nan,nan,nan,0,0,0,3,0,0,,,,,,,,,,,,,,,nan,nan,nan,1445170282815015002,1.9962984,0.8240000000000001,4.2333881,19.914255,6.8623304,3.8390312,0.99760246,1,447,t,2459199.6702894,2459199.6702894,2459199.6400579,17.979595,22.986,18.891035,26.333036,2,58.309895,1445,9,ZTF20acxuosb,Fink,3.2363272,0.6142856999999999,28,0.5,0.332,0.13965918,0,18.9,2060,0,368.7174,854.0702,,Solar System MPC,2020-12-16 04:05:13.004,2020-12-16 03:21:41.003,0.030231499999999998,Pisces,6.1576400601,2459199.6702894,17.9948047976093,18.85747006272,1.6338,6.237882165816833,2020.9567494245903,5.850702386330533,5.850702386330533
67,145,2459193.669942,01:34:39.87,1.3615982040999999,217.6025549087,55.2271583899,18.5633017224,18.8647166327,18.6592314953,19.1209314953,18.3675314953,2.8708423613000003,106.3809660767,1.2167764526,-0.0103820057,-0.0131803692,29.0004665049,3.2421425,4.2585191667,4.6672237778,2.6190282222,nan,,,Unknown,,nan,nan,nan,nan,nan,0,0,0,3,0,0,,,,,,,,,,,,,,,nan,nan,nan,1439169762815015002,2.322362,0.981,4.2584859999999995,20.306765,0.8553282600000001,24.029821,0.99999994,1,447,t,2459193.6697685,2459193.6697685,2459193.619213,19.949718,22.982,18.83772,26.17272,2,37.28015,1439,3,ZTF20acwfpdr,Fink,3.2421278,0.9242857,28,0.00229167,0.224,0.076142155,0,18.9,2060,0,342.3155,762.8224,,Solar System MPC,2020-12-10 04:04:27.998,2020-12-10 02:51:40.003,0.0505555002,Pisces,6.1161924517,2459193.6697685,17.9863304770196,18.8575563944,1.5881,6.185580080234056,2020.9403545587436,5.807832230630116,5.807832230630116
68,149,2459188.685359,01:37:12.77,1.402210695,218.5389759607,54.9395754955,18.4813885418,18.8644434596,18.6441043109,19.1058043109,18.3524043109,2.7863354248,111.4742648971,1.221033526,-0.0207548791,-0.0175570939,28.1419843525,3.2700579167,4.2890958333,4.7049628,2.6360175833,nan,,,Unknown,,nan,nan,nan,nan,nan,0,0,0,3,0,0,,,,,,,,,,,,,,,nan,nan,nan,1434185182815015002,1.8499531999999999,0.9470000000000001,4.2890681,20.151735,8.739353,25.899632,0.9999927,1,447,t,2459188.6851852,2459188.6851852,2459188.6851852,17.903421,23.504,18.83308,26.348082,1,36.62701,1434,1,ZTF20acvbnjb,Fink,3.2700725999999998,0.81714284,28,0.19833299999999998,0.34500000000000003,0.10199593,0,18.9,2060,0,241.2276,646.6533,,Solar System MPC,2020-12-05 04:26:40.001,2020-12-05 04:26:40.001,0.0,Pisces,6.1211870269,2459188.6851852,17.9779375889736,18.85764421298,1.541,6.181943469629806,2020.9267354786887,5.815315113722147,5.815315113722147
69,150,2459157.792107,02:09:07.77,1.8939477034,228.8583459678,50.9740370043,18.0583605757,18.8625733636,18.5239889383,18.9856889383,18.2322889383,1.801452489,143.2780940683,1.2863279733,-0.0765034109,-0.0398296998,18.3633418722,3.87316875,4.6539077778,5.4024648528,2.7318099721999998,nan,,,Unknown,,nan,nan,nan,nan,nan,0,0,0,3,0,0,,,,,,,,,,,,,,,nan,nan,nan,1403291934215015011,1.9921603,0.982,4.653896,19.78713,10.582556,19.527082,0.9981599,1,447,t,2459157.7919329,2459157.7919329,2459157.7919329,19.457497,22.595,18.685644,26.350643,1,34.730625,1403,3,ZTF20acozdzk,Fink,3.8731766,0.8642856999999999,42,0.0,0.20400000000000001,0.11423889999999999,0,18.7,2060,0,1661.9144,3036.7795,,Solar System MPC,2020-11-04 07:00:23.003,2020-11-04 07:00:23.003,0.0,Pisces,6.0242476882,2459157.7919329,17.8675419557284,18.85938775396,0.4857,6.0476819981173335,2020.842327685519,5.810645366271318,5.810645366271318
70,152,2459155.667836,23:01:48.24,22.7675071945,145.0074809638,56.5579642611,18.0366138145,18.8624335603,18.5141161004,18.9758161004,18.2224161004,1.7085734621,145.4718150605,1.1978435196000001,-0.0795707014,-0.040783639600000005,17.1380884603,3.93841,4.6881530556,5.4758260694,2.7374018611,nan,,,Unknown,,nan,nan,nan,nan,nan,0,0,0,3,0,0,,,,,,,,,,,,,,,nan,nan,nan,1401167664215015009,1.1445758,0.983,4.6881896,19.451084,9.304067,9.352282,0.9999553,1,447,t,2459155.667662,2459155.667662,2459155.667662,20.451466,22.22,18.769808,26.412807,1,9.346192,1401,6,ZTF20acoqhhp,Fink,3.9383957,0.76285714,42,0.995,0.164,0.11123477,0,18.7,2060,0,1439.2335,2930.9265,,Solar System MPC,2020-11-02 04:01:25.997,2020-11-02 04:01:25.997,0.0,Pisces,6.1110443516,2459155.667662,17.8612045515939,18.85969760226,0.2908,6.132580654435621,2020.8365236666662,5.9077651229738475,5.9077651229738475
71,154,2459153.711551,23:57:02.45,23.6839780446,170.2114851413,61.0245603089,18.0175949318,18.8623035338,18.5048366257,18.9665366257,18.2131366257,1.6208906442000002,147.4897467835,1.1427070216,-0.0822511964,-0.0417453354,16.363447227,4.0005583333,4.7204713889,5.5455865972,2.7424534167,nan,,,Unknown,,nan,nan,nan,nan,nan,0,0,0,3,0,0,,,,,,,,,,,,,,,nan,nan,nan,1399211374215015003,1.2677354,0.983,4.7204482,19.15255,9.087031,9.554286,0.9999294,1,447,t,2459153.7113773,2459153.7113773,2459153.7113773,18.26519,22.048,18.6803,26.4343,1,24.308348,1399,5,ZTF20acoioem,Fink,4.000524,0.8842857,42,0.026750000000000003,0.107,0.12012342000000001,0,18.7,2060,0,1219.08,2839.0369,,Solar System MPC,2020-10-31 05:04:22.999,2020-10-31 05:04:22.999,0.0,Pisces,6.0238422588,2459153.7113773,17.8628743449655,18.86032114144,0.2418,6.042797867107764,2020.8311786265024,5.8295197144848405,5.8295197144848405
72,156,2459140.775764,00:38:30.44,0.3446549692,190.7351015548,61.187188257,17.9176878554,18.8614128472,18.4378918245,18.8995918245,18.1461918245,0.9955087143,160.7972743149,1.1409233619,-0.0961353908,-0.0463303188,10.2550766794,4.4570154167,4.9495722222000005,6.0545874111,2.7720732778,nan,,,Unknown,,nan,nan,nan,nan,nan,0,0,0,3,0,0,,,,,,,,,,,,,,,nan,nan,nan,1386275594315015030,7.440607,0.983,4.94957,20.780617,2.4273527,7.1144743,0.99973595,1,447,t,2459140.7755903,2459140.7755903,2459140.7755903,20.320576,22.55,18.67003,26.32903,1,19.041624,1386,6,ZTF20ackokoj,Fink,4.4569967,0.9857142600000001,43,0.5,0.169,0.07673558,0,18.7,2060,0,2678.5889,1805.9396,,Solar System MPC,2020-10-18 06:36:51.002,2020-10-18 06:36:51.002,0.0,Pisces,6.0257490616,2459140.7755903,17.8709081408293,18.86061771163,0.4312,6.031517325643286,2020.795834946175,5.900527452720231,5.900527452720231
73,158,2459138.759236,00:06:45.41,23.8103433498,174.0510511534,61.5063677546,17.9063788792,18.8612691612,18.4263529419,18.8880529419,18.1346529419,0.8925485466,162.8588810698,1.1374653043,-0.0977269199,-0.046742889,9.1752729326,4.5340733333,4.9871125,6.1400509028,2.7760497778,nan,,,Unknown,,nan,nan,nan,nan,nan,0,0,0,3,0,0,,,,,,,,,,,,,,,nan,nan,nan,1384259064315015026,2.5473413000000003,0.981,4.987045,20.31096,11.392528,22.32937,0.99999976,1,447,t,2459138.7590625,2459138.7590625,2459138.7590625,18.503063,23.17,18.579485,26.234484,1,22.333382,1384,4,ZTF20acjusnh,Fink,4.5340554,0.9514286,43,0.9937500000000001,0.323,0.07819416,0,18.6,2060,0,2425.42,1797.0894,,Solar System MPC,2020-10-16 06:13:03.000,2020-10-16 06:13:03.000,0.0,Pisces,5.936591589,2459138.7590625,17.8767314140506,18.86076490448,0.5328,5.940247915390227,2020.7903253073775,5.822805627826727,5.822805627826727
74,160,2459136.73603,23:25:21.83,23.1152238074,153.5638151245,59.0914902964,17.8962408802,18.8611236872,18.4143741201,18.8760741201,18.1226741201,0.7883702745000001,164.9193793683,1.1650691772,-0.0990931115,-0.0470673562,8.0652284509,4.6126141667,5.0250961111,6.2270436667,2.7798521667,nan,,,Unknown,,nan,nan,nan,nan,nan,0,0,0,3,0,0,,,,,,,,,,,,,,,nan,nan,nan,1382235854315015019,1.946974,0.982,5.0250874,20.676956,1.863092,23.186674,1.0,1,447,t,2459136.7358565,2459136.7358565,2459136.7358565,11.228385,23.269,18.594076,26.375076,1,23.828476,1382,6,ZTF20acizbjm,Fink,4.6125671,0.9785714,43,0.854375,0.34700000000000003,0.057670610000000004,0,18.6,2060,0,2139.9075,1663.8865,,Solar System MPC,2020-10-14 05:39:38.002,2020-10-14 05:39:38.002,0.0,Pisces,5.9524291013,2459136.7358565,17.8875955436232,18.86098153245,0.6856,5.953494718396524,2020.784797422131,5.849760295392821,5.849760295392821
75,162,2459134.769931,00:06:25.80,23.7945034685,173.5422516297,61.5597528414,17.8875565632,18.8609810601,18.4022951096,18.8639951096,18.1105951096,0.6866490670000001,166.9099556576,1.1368923914,-0.1003408382,-0.0473612183,7.1146194238,4.6899325,5.0622511111,6.3125842639,2.7833831111,nan,,,Unknown,,nan,nan,nan,nan,nan,0,0,0,3,0,0,,,,,,,,,,,,,,,nan,nan,nan,1380269754315015015,4.6455054,0.983,5.0622367,20.517138,21.087685,-999.0,0.9999998999999999,1,447,t,2459134.7697569,2459134.7697569,2459134.7697569,20.19412,22.921,18.572344,26.338345,1,30.430458,1380,0,ZTF20aciikkw,Fink,4.6899084,0.9628570999999999,43,-999.0,0.34500000000000003,0.07610899,0,18.6,2060,0,1866.4648,1701.0706,,Solar System MPC,2020-10-12 06:28:26.996,2020-10-12 06:28:26.996,0.0,Pisces,5.9317675048,2459134.7697569,17.8962788229182,18.86112416156,0.7873,5.930692442828953,2020.779425565301,5.840342581760877,5.840342581760877
76,163,2459131.815949,01:01:02.96,0.696974579,201.2790465675,60.1315580791,17.8766927579,18.8607644349,18.3831741234,18.8448741234,18.0914741234,0.5338256267,169.8672934444,1.1527674217000001,-0.1018069032,-0.0476601226,5.6658803098,4.8077279167,5.1183933333,6.4427140333,2.7883484722,nan,,,Unknown,,nan,nan,nan,nan,nan,0,0,0,3,0,0,,,,,,,,,,,,,,,nan,nan,nan,1377315774315015011,1.9565293,0.983,5.1184002,20.148672,7.3967732999999996,7.7075152,0.9999994,1,447,t,2459131.8157755,2459131.8157755,2459131.8157755,20.726805,19.718,18.52528,26.16828,1,15.049832,1377,5,ZTF20aciapnt,Fink,4.8077369999999995,0.9785714,43,0.025124999999999998,0.079,0.08237535,0,18.6,2060,0,1426.2596,1416.9362,,Solar System MPC,2020-10-09 07:34:43.003,2020-10-09 07:34:43.003,0.0,Pisces,5.886047665,2459131.8157755,17.9064176389444,18.86126963749,0.8915,5.8823818338865,2020.7713545778693,5.812140609475248,5.812140609475248
77,165,2459129.830278,01:13:51.26,0.9050507463,207.0787330848,59.0985886309,17.8708697624,18.8606172441,18.3695518946,18.8312518946,18.0778518946,0.4322195568,171.8153856654,1.1649830288,-0.10258342220000001,-0.0477536638,4.6471319924,4.8878254167,5.1562633333,6.5310722694,2.7914520555999998,nan,,,Unknown,,nan,nan,nan,nan,nan,0,0,0,3,0,0,,,,,,,,,,,,,,,nan,nan,nan,1375330104315015005,3.9694874,0.983,5.1562518,20.109768,23.76108,5.3278894,0.9999967999999999,1,447,t,2459129.8301042,2459129.8301042,2459129.8301042,18.636528,23.251,18.51141,26.374409,1,51.489822,1375,3,ZTF20achmbbm,Fink,4.8878179,0.9614286,43,0.0,0.331,0.08864522,0,18.6,2060,0,1148.4004,1313.9282,,Solar System MPC,2020-10-07 07:55:21.003,2020-10-07 07:55:21.003,0.0,Pisces,5.8729020428,2459129.8301042,17.9177264207398,18.86141332539,0.9944,5.8671243327967275,2020.7659292464486,5.810252520418971,5.810252520418971
78,167,2459125.880266,02:10:15.84,1.8344843909000002,228.3322687798,51.9820633229,17.8628387196,18.8603206777,18.3408622922,18.8025622922,18.0491622922,0.2427038933,175.4200041865,1.2684991159,-0.10353449840000001,-0.047749976,2.6618457601000003,5.0487279167,5.2316561111,6.7082855194,2.7970801667,nan,,,Unknown,,nan,nan,nan,nan,nan,0,0,0,3,0,0,,,,,,,,,,,,,,,nan,nan,nan,1371380094315015003,1.3578824,0.983,5.2316195,19.053024,6.515226,6.768933,0.9999701999999999,1,447,t,2459125.8800926,2459125.8800926,2459125.8800926,19.651474,22.035,18.391487,26.322489,1,6.7673373,1371,4,ZTF20acgncea,Fink,5.0486909,0.79,43,0.994583,0.145,0.13527687,0,18.6,2060,0,540.6942,1051.4551,,Solar System MPC,2020-10-03 09:07:20.001,2020-10-03 09:07:20.001,0.0,Pisces,5.7539892512,2459125.8800926,18.0176327974734,18.86230402424,1.6198,5.735024638776597,2020.755136865027,5.7030894566083,5.7030894566083
79,170,2459117.784039,23:19:46.66,22.970858724,149.4669681044,58.5583938374,17.8611658308,18.8596971465,18.3480824334,18.8097824334,18.0563824334,0.2899726879,174.5384368851,1.1716270481,-0.103957057,-0.0466796665,-1.8732219714,5.3815295833,5.3848233333,7.0736669694,2.8062621389,nan,,,Unknown,,nan,nan,nan,nan,nan,0,0,0,3,0,0,,,,,,,,,,,,,,,nan,nan,nan,1363283863815015001,5.7353616,0.984,5.384825,20.386505,6.154986,15.825761,0.9999969,1,447,t,2459117.7838657,2459117.7838657,2459117.7838657,20.787235,23.077,18.437077,26.281076,1,30.323618,1363,3,ZTF20aceecgy,Fink,5.3815311,0.97,38,0.00291667,0.316,0.08351323000000001,0,18.6,2060,0,2861.2114,400.3138,,Solar System MPC,2020-09-25 06:48:45.996,2020-09-25 06:48:45.996,0.0,Pisces,5.7998544144,2459117.7838657,18.036649829723,18.86243405254,1.7075,5.778308959013058,2020.7330160265028,5.740154109142271,5.740154109142271
80,174,2459113.859306,00:52:41.30,0.5086633562,195.9298226231,61.2117581837,17.8675019716,18.8593873022,18.3757898781,18.8374898781,18.0840898781,0.4846992673,170.8563149,1.1406551652,-0.103184357,-0.0458677169,-3.7714834526,5.5421179167,5.4575241667,7.249470025,2.8096254722,nan,,,Unknown,,nan,nan,nan,nan,nan,0,0,0,3,0,0,,,,,,,,,,,,,,,nan,nan,nan,1359359133815015000,3.38142,0.983,5.4575239,20.582237,10.775854,19.299717,0.9999998999999999,1,447,t,2459113.8591319,2459113.8591319,2459113.8591319,20.142548,23.19,18.519419,26.182419,1,31.620596,1359,4,ZTF20accgked,Fink,5.5421302,0.97571427,38,0.0,0.352,0.07309877000000001,0,18.6,2060,0,2339.8455,331.778,,Solar System MPC,2020-09-21 08:37:08.996,2020-09-21 08:37:08.996,0.0,Pisces,5.8814619095000005,2459113.8591319,18.058394170534,18.86257385771,1.8003,5.858018591635066,2020.7222927101097,5.794241454863171,5.794241454863171
81,180,2459092.841806,23:04:37.57,22.6539902357,141.318996869,56.6743355323,17.977898391,18.8576437822,18.4929464301,18.9546464301,18.2012464301,1.5399666103,149.8625036952,1.1962462823,-0.0879516311,-0.036633510700000003,-14.2233573892,6.34666875,5.8091727778,8.1249882694,2.8153575278,nan,,,Unknown,,nan,nan,nan,nan,nan,0,0,0,3,0,0,,,,,,,,,,,,,,,nan,nan,nan,1338341633615015003,1.053241,0.983,5.8091558,19.515541,14.554969,14.872449,0.9999998,1,447,t,2459092.8416319,2459092.8416319,2459092.8416319,12.388282,22.406,18.805622,26.234623,1,51.39384,1338,5,ZTF20abxxdfz,Fink,6.3466845,0.91714287,36,0.07370829999999999,0.243,0.111089826,0,18.7,2060,0,2516.9922,2243.8875,,Solar System MPC,2020-08-31 08:11:56.996,2020-08-31 08:11:56.996,0.0,Pisces,6.1544902538,2459092.8416319,18.4814229390446,18.86444397896,2.7852,6.093724925651918,2020.6648678467216,5.891094825391284,5.891094825391284
82,181,2459091.826539,22:38:38.33,22.2185355808,132.0745966746,52.9391398227,17.9862928605,18.8575559645,18.4977887767,18.9594887767,18.2060887767,1.5871004025,148.8477512845,1.2523749101,-0.0867447204,-0.0360168784,-14.7133137543,6.3816695833,5.8239544444,8.1628618111,2.8151498611,nan,,,Unknown,,nan,nan,nan,nan,nan,0,0,0,3,0,0,,,,,,,,,,,,,,,nan,nan,nan,1337326363615015006,1.8348496,0.979,5.8239062,19.670712,8.517176,8.045505,0.9999994999999999,1,447,t,2459091.8263657,2459091.8263657,2459091.8263657,14.859612,20.914,18.679148,26.286148,1,24.778131,1337,4,ZTF20abxsgoh,Fink,6.3816944,0.8685714,36,0.5,0.07200000000000001,0.13946348,0,18.7,2060,0,2386.8086,2157.617,,Solar System MPC,2020-08-30 07:49:57.996,2020-08-30 07:49:57.996,0.0,Pisces,6.0270126711,2459091.8263657,18.5633361635331,18.86471715619,2.8697,5.957616362627283,2020.6620938953552,5.748784358393362,5.748784358393362
83,182,2459090.832176,22:42:50.14,22.2862287146,133.3891393802,53.5733408494,17.9947668485,18.8574696339,18.5024793793,18.9641793793,18.2107793793,1.6327608191,147.8547792992,1.242102294,-0.0856259145,-0.0354225198,-15.1429669374,6.41548625,5.838195,8.1994367028,2.8149128889,nan,,,Unknown,,nan,nan,nan,nan,nan,0,0,0,3,0,0,,,,,,,,,,,,,,,nan,nan,nan,1336332003615015006,3.329357,0.999,5.8381734,19.721205,1.6622591,2.0061166,0.9999971400000001,1,447,t,2459090.8320023,2459090.8320023,2459090.8320023,19.213467,22.47,18.741156,26.164154,1,59.091114,1336,2,ZTF20abxmjud,Fink,6.4154759,0.92285717,36,0.00654167,0.221,0.12117186,0,18.7,2060,0,2271.702,2119.512,,Solar System MPC,2020-08-29 07:58:04.999,2020-08-29 07:58:04.999,0.0,Pisces,6.0880077946,2459090.8320023,18.6647483366061,18.86503548294,2.9414,6.0077571752441905,2020.6593770554641,5.792917135036166,5.792917135036166
84,183,2459089.846401,22:59:25.98,22.5606476291,139.1585515353,55.9624825408,18.0034126573,18.8573837351,18.5070805927,18.9687805927,18.2153805927,1.6775276888000001,146.8711322034,1.2061618543,-0.0845243459,-0.0348306218,-15.5451012396,6.4485533333,5.8520758333,8.2351825139,2.8146422778,nan,,,Unknown,,nan,nan,nan,nan,nan,0,0,0,3,0,0,,,,,,,,,,,,,,,nan,nan,nan,1335346223615015009,1.5406255,0.983,5.8520626,20.004824,5.0685215,15.024975,0.9999998999999999,1,447,t,2459089.8462269,2459089.8462269,2459089.8462269,15.785048,22.911,18.691103,26.112103,1,35.77564,1335,2,ZTF20abxhmem,Fink,6.4485319,0.9614286,36,0.005,0.294,0.10115981,0,18.7,2060,0,2164.1082,2096.235,,Solar System MPC,2020-08-28 08:18:34.004,2020-08-28 08:18:34.004,0.0,Pisces,6.0369216257,2459089.8462269,18.7162555452894,18.86519033966,2.9648,5.951702211874096,2020.6566836800544,5.730971709343711,5.730971709343711
85,184,2459088.973449,01:58:56.42,1.5505154810000001,223.2750898871,55.0394023727,18.0112723561,18.8573074068,18.5111104294,18.9728104294,18.2194104294,1.7166777441,146.0017001603,1.2195489566,-0.0834638732,-0.034427634000000006,-15.6247692903,6.47737,5.8641669444,8.2663308222,2.8144024722000003,nan,,,Unknown,,nan,nan,nan,nan,nan,0,0,0,3,0,0,,,,,,,,,,,,,,,nan,nan,nan,1334473273615015009,3.2071292,0.983,5.8641533,20.273392,3.905228,20.284292,0.9999969999999999,1,447,t,2459088.9732755,2459088.9732755,2459088.9732755,17.555277,23.05,18.704048,26.033049,1,47.79594,1334,1,ZTF20abxfuld,Fink,6.4773401,0.9614286,36,0.5,0.326,0.09811923,0,18.7,2060,0,2083.9758,2087.6475,,Solar System MPC,2020-08-27 11:21:31.003,2020-08-27 11:21:31.003,0.0,Pisces,6.0489276285,2459088.9732755,19.0945653202027,18.86623695791,2.8868,5.921072694407272,2020.6542985669396,5.695190794711786,5.695190794711786
86,190,2459085.896817,23:56:27.62,23.5025856485,164.1971478684,61.6860478551,18.0404565336,18.8570364429,18.525053441,18.986753441,18.233353441,1.8516772267000001,142.936770073,1.1355432328,-0.0797086694,-0.032334824000000005,-17.119401505,6.5762841667,5.9052302778,8.37307055,2.8131828333,nan,,,Unknown,,nan,nan,nan,nan,nan,0,0,0,3,0,0,,,,,,,,,,,,,,,nan,nan,nan,1331396643615015019,1.0441244,0.982,5.9052055,20.796938,7.865082,8.060095,1.0,1,447,t,2459085.8966435,2459085.8966435,2459085.8938194,17.969276,19.002,18.788235,26.193235,2,8.058331,1331,3,ZTF20abweosy,Fink,6.5762581,0.93857145,36,1.0,0.03,0.07411559,0,18.7,2060,0,1729.9125,1590.0883,,Solar System MPC,2020-08-24 09:31:09.998,2020-08-24 09:27:05.996,0.0028240997000000003,Pisces,6.1296301799,2459085.8966435,19.1439207589645,18.86636611925,2.844,5.999639269822943,2020.6458924685787,5.755994024798144,5.755994024798144
87,191,2459085.893993,23:52:22.95,23.4346180492,162.1313869075,61.439423502,18.0404844618,18.8570361928,18.5250661818,18.9867661818,18.2333661818,1.8518004076999999,142.9339307553,1.138185939,-0.0797004226,-0.0323296446,-17.1273776395,6.5763745833,5.9052666667,8.3731678028,2.81318075,nan,,,Unknown,,nan,nan,nan,nan,nan,0,0,0,3,0,0,,,,,,,,,,,,,,,nan,nan,nan,1331393813615015012,12.698357,1.0,5.9052729,20.787495,8.090312,8.285824999999999,0.99967074,1,447,t,2459085.8938194,2459085.8938194,2459085.8938194,17.969276,19.002,18.791891,26.197891,1,8.284286,1331,3,ZTF20abweosy,Fink,6.5763169999999995,0.9114285999999999,36,1.0,0.03,0.11645301400000001,0,18.7,2060,0,1730.5104,1589.5194,,Solar System MPC,2020-08-24 09:27:05.996,2020-08-24 09:27:05.996,0.0,Pisces,6.133282847,2459085.8938194,18.9949621488764,18.86912608028,3.054,6.01993990576687,2020.6458847524593,5.776278452482611,5.776278452482611
88,192,2459082.886134,23:29:12.43,23.0422383832,150.8960619643,59.5103405276,18.071198194,18.8567683426,18.5382802603,18.9999802603,18.2465802603,1.9784544419,139.9450394949,1.1600378124,-0.0755794129,-0.030248172700000003,-18.3800072771,6.6682183333000005,5.9429669444,8.4721019611,2.8116664167,nan,,,Unknown,,nan,nan,nan,nan,nan,0,0,0,3,0,0,,,,,,,,,,,,,,,nan,nan,nan,1328385963615015023,1.5604692,0.991,5.9429003,20.137129,4.7402296,4.75601,0.9999992,1,447,t,2459082.8859606,2459082.8859606,2459082.8859606,18.195606,19.106,18.711517,25.666517,1,4.7597746999999995,1328,6,ZTF20abvpray,Fink,6.6681778,0.9242857,36,1.0,0.019,0.101093,0,18.7,2060,0,1426.0192,1423.9666,,Solar System MPC,2020-08-21 09:15:46.996,2020-08-21 09:15:46.996,0.0,Pisces,6.0492459262,2459082.8859606,18.9618069325004,18.86910665695,3.0677,5.943361701832423,2020.637666559016,5.683035004330069,5.683035004330069
89,193,2459081.96316,01:16:29.15,0.8284078045000001,205.5627587266,60.2649057686,18.0810400395,18.8566855689,18.5422513041,19.0039513041,18.2505513041,2.0161622584,139.0301303911,1.1512361818,-0.0742873857,-0.029681146800000002,-18.562335153,6.6953375,5.9540311111,8.5012869861,2.8111589167,nan,,,Unknown,,nan,nan,nan,nan,nan,0,0,0,3,0,0,,,,,,,,,,,,,,,nan,nan,nan,1327462983615015018,3.3068528,0.983,5.9540096,20.567432,13.680742,3.659943,0.99999994,1,447,t,2459081.9629861,2459081.9629861,2459081.9629861,16.60132,17.031,18.754454,26.045452,1,13.966127,1327,5,ZTF20abvaykl,Fink,6.6953038,0.9142857,36,0.5,0.019,0.09252575,0,18.7,2060,0,1334.9058,1421.3099,,Solar System MPC,2020-08-20 11:06:41.999,2020-08-20 11:06:41.999,0.0,Pisces,6.0910101636,2459081.9629861,18.8453841725565,18.86902888438,3.0898,5.999681277621896,2020.635144770765,5.734392953947326,5.734392953947326
90,197,2459078.908715,23:46:02.56,23.3152599477,158.533020064,61.0162106846,18.1149579959,18.8564096898,18.555143384,19.016843384,18.263443384,2.1372508148,136.0050188952,1.1427989963,-0.0697850594,-0.0273789121,-19.8701296918,6.7817583333,5.9888938889,8.5941305861,2.8091846667,nan,,,Unknown,,nan,nan,nan,nan,nan,0,0,0,3,0,0,,,,,,,,,,,,,,,nan,nan,nan,1324408543615015012,2.2765172,0.981,5.9888632,20.61928,3.6761587000000002,8.691349,0.9999994999999999,1,447,t,2459078.9085417,2459078.9085417,2459078.9085417,16.349716,22.482,18.779032,26.12903,1,8.695003,1324,4,ZTF20abtracl,Fink,6.7817126,0.97,36,1.0,0.188,0.07609788,0,18.7,2060,0,995.9636,1290.7845,,Solar System MPC,2020-08-17 09:48:18.003,2020-08-17 09:48:18.003,0.0,Pisces,6.111550316,2459078.9085417,18.8119535426079,18.86900373382,3.0885,6.028117660131752,2020.626799294262,5.746896402483395,5.746896402483395
91,198,2459077.910625,23:44:51.47,23.2937135858,157.8966822434,60.9262810507,18.1264763549,18.8563188921,18.5592678219,19.0209678219,18.2675678219,2.1754682959,135.0186322618,1.1437920841,-0.0682540939,-0.0266309765,-20.2355551665,6.808765,5.9996891667,8.6231042389,2.8084782500000003,nan,,,Unknown,,nan,nan,nan,nan,nan,0,0,0,3,0,0,,,,,,,,,,,,,,,nan,nan,nan,1323410453615015012,2.919337,0.982,5.9996635,20.711681,13.153042,14.412113,0.9999927,1,447,t,2459077.9104514,2459077.9104514,2459077.9104514,16.394526,22.854,18.82261,26.19561,1,41.21922,1323,6,ZTF20abthlpu,Fink,6.808732,0.9628570999999999,36,0.0025,0.263,0.09236463,0,18.7,2060,0,912.318,1249.0331,,Solar System MPC,2020-08-16 09:51:03.001,2020-08-16 09:51:03.001,0.0,Pisces,6.1537584846,2459077.9104514,18.7787163200086,18.86897743491,3.0838,6.075538667737243,2020.624072271585,5.789288721820448,5.789288721820448
92,201,2459075.906748,23:31:22.46,23.0654973437,151.4613213968,59.7216766061,18.1502240178,18.8561356301,18.567419654,19.029119654,18.275719654,2.2501456445,133.041217237,1.1575389559,-0.0650882546,-0.0250964012,-20.9655501485,6.8611175,6.0204544444,8.6792037444,2.8069635,nan,,,Unknown,,nan,nan,nan,nan,nan,0,0,0,3,0,0,,,,,,,,,,,,,,,nan,nan,nan,1321406573615015008,4.3853493,0.986,6.0204228,20.632013,4.446299,4.4519944,0.99999964,1,447,t,2459075.9065741,2459075.9065741,2459075.9065741,20.323576,22.185,18.787119,26.201118,1,9.089598,1321,11,ZTF20absgunn,Fink,6.86109,0.9628570999999999,36,0.5,0.153,0.09143546,0,18.7,2060,0,730.6875,1183.8265,,Solar System MPC,2020-08-14 09:45:28.002,2020-08-14 09:45:28.002,0.0,Pisces,6.1154455849,2459075.9065741,18.6614411028064,18.86887373185,3.0397,6.0536632164334065,2020.618597196994,5.7575871622537385,5.7575871622537385
93,202,2459075.876076,22:47:05.14,22.3273003696,134.0264972888,54.0904030239,18.1505961359,18.856132815,18.5675446396,19.0292446396,18.2758446396,2.2512849692,133.0106495002,1.2339614574,-0.0649234346,-0.025038433800000003,-21.0463629766,6.8619191667,6.0207619444,8.6800589611,2.8069306111000003,nan,,,Unknown,,nan,nan,nan,nan,nan,0,0,0,3,0,0,,,,,,,,,,,,,,,nan,nan,nan,1321375903615015014,3.2524934,0.983,6.0207505,20.688953,1.5796959,1.4072783,1.0,1,447,t,2459075.8759028,2459075.8759028,2459075.8759028,20.323576,22.185,18.826714,26.169712,1,10.809602,1321,10,ZTF20absgdhu,Fink,6.861886,0.9728570999999999,36,0.5,0.153,0.08326022,0,18.7,2060,0,723.0032,1177.7202,,Solar System MPC,2020-08-14 09:01:18.002,2020-08-14 09:01:18.002,0.0,Pisces,6.1549963898,2459075.8759028,18.5963279549722,18.86880817539,2.9958,6.100855670347773,2020.618513395628,5.804629702866968,5.804629702866968
94,203,2459073.910232,23:28:31.18,23.0146137419,150.0785519629,59.4281063358,18.1746814828,18.8559517584,18.5753700593,19.0370700593,18.2836700593,2.3217471194,131.075290487,1.1610173331,-0.061862530900000004,-0.023547542,-21.6461491989,6.9107204167,6.0399172222,8.7322718833,2.8053369722,nan,,,Unknown,,nan,nan,nan,nan,nan,0,0,0,3,0,0,,,,,,,,,,,,,,,nan,nan,nan,1319410053615015008,3.32055,0.982,6.0399054,20.48325,1.6971241,28.967104,0.9999979999999999,1,447,t,2459073.9100579,2459073.9100579,2459073.9100579,14.573552,22.432,18.819178,26.285177,1,43.46277,1319,1,ZTF20abrnrnk,Fink,6.9106926,0.9771428999999999,36,0.00291667,0.178,0.08668056,0,18.7,2060,0,568.6953,1099.8903,,Solar System MPC,2020-08-12 09:50:29.003,2020-08-12 09:50:29.003,0.0,Pisces,6.1446016657,2459073.9100579,18.5315927678009,18.86873667142,2.9376,6.100900142036501,2020.6131422346996,5.795402705639352,5.795402705639352
95,205,2459072.875995,22:35:08.45,22.1233199216,130.0302804179,52.2140561844,18.1876557756,18.8558560055,18.5794232899,19.0411232899,18.2877232899,2.3577372057,130.0581635014,1.2645203493000001,-0.0600100994,-0.0226952726,-22.068316922,6.9354154167,6.0495102778,8.7586530722,2.8044394167,nan,,,Unknown,,nan,nan,nan,nan,nan,0,0,0,3,0,0,,,,,,,,,,,,,,,nan,nan,nan,1318375823615015006,2.8132226,0.983,6.0495146,20.223396,7.5355883,7.787745,0.9999986,1,447,t,2459072.8758218,2459072.8758218,2459072.8758218,16.762407,22.039,18.74856,26.24856,1,21.72136,1318,5,ZTF20abrhsie,Fink,6.935403,0.9242857,36,0.5,0.169,0.09968912,0,18.7,2060,0,427.2802,1085.2216,,Solar System MPC,2020-08-11 09:01:11.004,2020-08-11 09:01:11.004,0.0,Pisces,6.0724451048,2459072.8758218,18.4071940147024,18.86857876183,2.781,6.0449261054947865,2020.6103164530055,5.734693063308146,5.734693063308146
96,206,2459071.978646,00:59:25.23,0.5265958451,196.7712500137,61.7315608512,18.199068342,18.8557726476,18.5828966574,19.0445966574,18.2911966574,2.3882541516,129.1778581317,1.1350591665,-0.0587160002,-0.0221020031,-22.1202951435,6.9561766667,6.0575627778,8.7808266389,2.8036742778,nan,,,Unknown,,nan,nan,nan,nan,nan,0,0,0,3,0,0,,,,,,,,,,,,,,,nan,nan,nan,1317478473615015004,2.8931704,0.983,6.0575642,20.277327,4.532326,6.178643,0.99999964,1,447,t,2459071.9784722,2459071.9784722,2459071.9784722,19.979984,23.068,18.751137,26.316137,1,27.012217,1317,3,ZTF20abrckvw,Fink,6.9561785,0.9714286,36,0.0037500000000000003,0.339,0.08443943400000001,0,18.7,2060,0,371.9776,1036.2986,,Solar System MPC,2020-08-10 11:28:59.998,2020-08-10 11:28:59.998,0.0,Pisces,6.0736695553,2459071.9784722,18.3633146293176,18.86851549614,2.7099,6.05269295923131,2020.6078646781427,5.738444471666825,5.738444471666825
97,209,2459047.953935,22:49:06.99,22.332024698,133.964251509,54.2550464921,18.5499338147,18.8534446973,18.662876889,19.124576889,18.371176889,2.9722070429,105.88250512810001,1.2314124689,-0.0142209669,-0.0017143409,-27.8432346345,7.2987516667,6.1739605556,9.1401503694,2.7759928610999998,nan,,,Unknown,,nan,nan,nan,nan,nan,0,0,0,3,0,0,,,,,,,,,,,,,,,nan,nan,nan,1293453763315015008,1.6130946,0.982,6.1739169,20.892542,1.23089,1.0834088,0.9999984999999999,1,447,t,2459047.9537616,2459047.9537616,2459047.9199537,19.372341,20.206,18.939934,26.300934,2,22.522932,1293,6,ZTF20abmkkhy,Fink,7.2988008,0.9842856999999999,33,0.5,0.083,0.082455836,0,18.8,2060,0,2718.0154,600.0251,,Solar System MPC,2020-07-17 10:53:25.002,2020-07-17 10:04:44.000,0.0338078998,Pisces,6.2212686211,2459047.9537616,18.1849923905554,18.86820184137,2.3128,6.262715814512614,2020.5422233923496,5.871630314950476,5.871630314950476
98,212,2459044.858461,20:19:25.77,19.836443054,100.4752352376,26.3071042485,18.5997768599,18.853131274,18.6712298546,19.1329298546,18.3795298546,3.0124846874,102.9207208467,2.2467264334,-0.0073197487,0.001073553,-28.3939099296,7.310745,6.1745036111000005,9.151332325,2.7717818611,nan,,,Unknown,,nan,nan,nan,nan,nan,0,0,0,3,0,0,,,,,,,,,,,,,,,nan,nan,nan,1290358283315015002,1.9838730999999998,0.9380000000000001,6.1744243,19.944847,22.193645,6.405784,0.9999956,1,447,t,2459044.858287,2459044.858287,2459044.858287,19.372341,22.508,18.773832,26.083832,1,55.920414,1290,4,ZTF20ablqasi,Fink,7.3107468,0.8685714,33,0.0,0.234,0.12013617,0,18.8,2060,0,2673.567,584.7983,,Solar System MPC,2020-07-14 08:35:55.997,2020-07-14 08:35:55.997,0.0,Pisces,6.0493758721,2459044.858287,18.136597645021,18.86809487796,2.1661,6.102412650813925,2020.5337658114756,5.706027384952499,5.706027384952499
99,213,2459038.960544,22:23:10.57,21.8987826422,125.9054686995,50.0833420721,18.6962263378,18.8525256003,18.6857893544,19.1474893544,18.3940893544,3.0662216411,97.3070739061,1.3028419404,0.0036937805,0.0060983184,-28.7443761128,7.3123191667,6.1663458333,9.1495454583,2.7636692778,nan,,,Unknown,,nan,nan,nan,nan,nan,0,0,0,3,0,0,,,,,,,,,,,,,,,nan,nan,nan,1284460373315015000,1.029974,0.983,6.1663099,19.587631000000002,11.118169,18.796627,0.9999979999999999,1,447,t,2459038.9603704,2459038.9603704,2459038.8778356,19.372341,22.508,18.913677,26.313679,2,57.030785,1284,3,ZTF20abjxyey,Fink,7.3123064,0.8985714300000001,33,0.00125,0.234,0.14494921,0,18.8,2060,0,2696.1902,676.2094,,Solar System MPC,2020-07-08 11:02:56.003,2020-07-08 09:04:04.996,0.0825347998,Pisces,6.1780595189,2459038.9603704,18.1045634138567,18.86801663649,2.0566,6.246105465491741,2020.5176512852458,5.84264944611975,5.84264944611975
100,216,2458863.621482,02:43:38.29,2.7024947816,240.3576275287,41.7051925581,19.1830586273,18.829477416,18.7197381846,19.1814381846,18.4280381846,2.7671809079000003,67.5537986247,1.5010696728,0.0688397065,0.0210530262,28.2444760201,0.3721104167,3.2908475,1.6514442722,2.8710634722,nan,,,Fail,,nan,nan,nan,nan,nan,0,0,0,3,0,0,,,,,,,,,,,,,,,nan,nan,nan,1109121301815015006,1.3647692,0.981,3.2907693,20.05167,9.520277,13.508853,1.0,1,498,t,2458863.6213079,2458863.6213079,2458863.6213079,16.642021,23.286,18.952814,26.219814,1,21.041334,1109,4,ZTF20aafmbak,Fink,0.37214169999999996,0.9342857,18,0.0114583,0.321,0.11776807,0,18.9,2060,0,2323.2046,1032.7551,,Solar System MPC,2020-01-15 02:54:41.003,2020-01-15 02:54:41.003,0.0,Pisces,6.1640333946,2458863.6213079,18.0190977900036,18.81684041483,1.8359,6.301415280515158,2020.0385828084704,5.937307292032307,5.937307292032307
101,222,2458797.669526,23:32:47.86,23.5288258824,166.0275852112,59.4276358345,18.1123488701,18.8182850408,18.5517900271,19.0134900271,18.2600900271,2.1560073671,134.3724692536,1.1610229491,-0.0629116507,-0.0353069437,21.775371636,0.2670254167,3.5062702778,1.6410164611,3.1104431944,nan,,,Unknown,,nan,nan,nan,nan,nan,0,0,0,3,0,0,,,,,,,,,,,,,,,nan,nan,nan,1043169351815015000,1.099764,0.983,3.5062233,18.984524,12.197942,15.913181999999999,0.99986875,1,498,t,2458797.6693519,2458797.6693519,2458797.6693519,18.030996,23.042,18.648045,26.121044,1,43.844635,1043,3,ZTF19acrdirl,Fink,0.26699039999999996,0.8642856999999999,18,0.5,0.34500000000000003,0.16940084,0,18.7,2060,0,2702.528,266.3004,,Solar System MPC,2019-11-10 04:03:52.004,2019-11-10 04:03:52.004,0.0,Pisces,5.9852709138,2458797.6693519,18.1123855526301,18.81828529596,2.155,5.9852664865251946,2019.8579982243837,5.701577225968415,5.701577225968415
102,225,2458789.70669,23:54:55.20,23.8831542127,176.4760829908,60.2241199383,18.019060486,18.8168401636,18.5167158126,18.9784158126,18.2250158126,1.8369436343,142.5714180069,1.1517034364,-0.0755110495,-0.040010867900000004,18.6610607246,0.48267875,3.6264833333,1.8866895278,3.1349648611,nan,,,Unknown,,nan,nan,nan,nan,nan,0,0,0,3,0,0,,,,,,,,,,,,,,,nan,nan,nan,1035206511715015017,3.0356076,0.973,3.6264372,20.258078,5.748026,25.290918,0.99998635,1,498,t,2458789.7065162,2458789.7065162,2458789.7065162,19.001661,22.803,18.738632,26.115631,1,25.292713,1035,2,ZTF19acmempb,Fink,0.48271149999999996,0.93714285,17,0.9979169999999999,0.274,0.09794185,0,18.7,2060,0,1950.0165,2901.565,,Solar System MPC,2019-11-02 04:57:23.000,2019-11-02 04:57:23.000,0.0,Pisces,6.087237805,2458789.7065162,19.1830865436092,18.82947770777,2.7661,5.949848200908132,2019.8361822361649,5.708141614348551,5.708141614348551
34,81,2459526.729734,00:53:53.12,0.4155412055,193.1703564024,61.692280255200004,18.0632784166,18.8648725494,18.5253394035,18.9870394035,18.2336394035,1.8078643048,143.0840877326,1.1354768798000001,-0.0768596397,-0.039052257,18.1369889548,7.238205,5.6491541667,8.8772784694,2.3176438333,nan,,,Unknown,,nan,nan,nan,nan,nan,0,0,0,3,0,0,,,,,,,,,,,,,,,nan,nan,nan,1772229563315015011,13.473501,0.996,5.6491656,20.862204,8.760819,8.352443,0.9999994999999999,1,447,t,2459526.7295602,2459526.7295602,2459526.7295602,18.76061,22.782,18.027191,26.335192,1,14.093024,1772,3,ZTF21acnnefo,Fink,7.2382159999999995,0.94857144,33,0.00125,0.258,0.051498197,0,18.7,2060,0,2948.7578,2611.8394,,Solar System MPC,2021-11-08 05:30:34.001,2021-11-08 05:30:34.001,0.0,Pisces,5.364938743,2459526.7295602,17.8360258221662,18.82810036844,0.3333,5.396668014010466,2021.8526837265756,4.954235650143804,5.1587877100551225
35,82,2459524.799375,02:26:33.45,1.9561240282,231.0397306609,51.1642649159,18.0435711031,18.8649749627,18.5164327928,18.9781327928,18.2247327928,1.7236686428999999,145.0820983138,1.282894854,-0.079384304,-0.0401384357,17.4481687411,7.2974954167,5.6796891667,8.943596875,2.3223970556,nan,,,Unknown,,nan,nan,nan,nan,nan,0,0,0,3,0,0,,,,,,,,,,,,,,,nan,nan,nan,1770299203315015021,5.867497,0.983,5.6796802,20.836184,11.989414,7.730734,0.9999779999999999,1,447,t,2459524.7992014,2459524.7992014,2459524.7992014,16.99095,22.977,18.018957,26.304956,1,44.431103,1770,4,ZTF21acmhmda,Fink,7.2975318,0.9628570999999999,33,0.5,0.33,0.06535567,0,18.7,2060,0,2726.143,2505.0298,,Solar System MPC,2021-11-06 07:10:51.001,2021-11-06 07:10:51.001,0.0,Pisces,5.3590633576,2459524.7992014,17.8568878890815,18.82694195584,0.703,5.38602922168463,2021.8473950723287,4.964201770267886,5.159227453652208
36,84,2459522.76103,01:23:18.25,0.8975749205,207.2951287094,59.6553657935,18.0237806256,18.8650817874,18.5068206055,18.9685206055,18.2151206055,1.6323427607,147.1931773231,1.1583201714,-0.0823150693,-0.0410975055,16.4397373854,7.3624320833,5.71276,9.016080275,2.3272671111,nan,,,Unknown,,nan,nan,nan,nan,nan,0,0,0,3,0,0,,,,,,,,,,,,,,,nan,nan,nan,1768260853315015021,14.216172,0.983,5.7127416,20.821606,3.6029465,16.400026,0.9999962,1,447,t,2459522.7608565,2459522.7608565,2459522.7608565,16.138136,22.979,18.057924,26.331924,1,32.545956,1768,4,ZTF21acladqv,Fink,7.3624566,0.9785714,33,0.5,0.361,0.058594987,0,18.7,2060,0,2505.5874,2387.0012,,Solar System MPC,2021-11-04 06:15:38.002,2021-11-04 06:15:38.002,0.0,Pisces,5.4004010742,2459522.7608565,17.8926638855629,18.82576492749,1.0681,5.420785823846703,2021.8418105657531,5.021308238975073,5.206000792114149
37,87,2459504.754988,00:03:36.84,23.5257953648,164.8506958208,61.8875308238,17.8984052108,18.8659666387,18.410575526,18.872275526,18.118875526,0.7450498254,165.7503770399,1.1334088297,-0.09982279690000001,-0.046722411500000005,7.5295382665,8.0165770833,6.0323502778,9.7407029194,2.36420925,nan,,,Unknown,,nan,nan,nan,nan,nan,0,0,0,3,0,0,,,,,,,,,,,,,,,nan,nan,nan,1750254813315015001,3.4069917,0.984,6.0323283,19.421938,6.214251,20.347786,0.9999963,1,447,t,2459504.7548148,2459504.7548148,2459504.7548148,17.813267,23.223,17.88353,26.26153,1,39.962524,1750,4,ZTF21aciagij,Fink,8.0165645,0.91571426,33,0.0,0.294,0.06630336,0,18.6,2060,0,223.6876,1260.0848,,Solar System MPC,2021-10-17 06:06:55.999,2021-10-17 06:06:55.999,0.0,Pisces,5.2410630091,2459504.7548148,18.0570738615975,18.82252595893,1.9466,5.226903603621803,2021.7924789446572,5.0445701427669345,5.128869321702822
38,88,2459502.879074,02:54:54.12,2.3756410539,238.4223969651,47.1529857532,17.890723498,18.8660527455,18.3988431258,18.8605431258,18.1071431258,0.6473079376,167.6582691205,1.362683353,-0.10061144820000001,-0.0471284482,6.8350019849,8.0908995833,6.0675302778,9.8225642,2.3674066944,nan,,,Unknown,,nan,nan,nan,nan,nan,0,0,0,3,0,0,,,,,,,,,,,,,,,nan,nan,nan,1748378903215015006,7.9010744,0.893,6.0674949,20.020613,9.763574,24.656912,0.9999907,1,447,t,2459502.8789005,2459502.8789005,2459502.8789005,19.257158,22.868,17.890842,26.211842,1,39.008244,1748,1,ZTF21achsreg,Fink,8.0908835,0.8985714300000001,32,0.5,0.228,0.07286896,0,18.6,2060,0,3000.6074,1137.6123,,Solar System MPC,2021-10-15 09:05:37.003,2021-10-15 09:05:37.003,0.0,Pisces,5.2492972599,2459502.8789005,18.381065437173,18.81825894894,2.7183,5.196091392450619,2021.7873394534247,5.037677964948545,5.110918070238236
39,90,2459497.836759,01:34:05.30,1.0151698587,210.8137996274,59.3507539257,17.8752976747,18.8662785059,18.3643895891,18.8260895891,18.0726895891,0.3851858224,172.7034758874,1.1619423942,-0.1031487427,-0.0474717588,4.0700657218,8.2945241667,6.1628483333,10.0464002306,2.3752296667,nan,,,Unknown,,nan,nan,nan,nan,nan,0,0,0,3,0,0,,,,,,,,,,,,,,,nan,nan,nan,1743336583215015001,8.0713825,0.864,6.1628125,20.130253,4.46031,2.5082133,0.9999890300000001,1,447,t,2459497.8365856,2459497.8365856,2459497.8365856,17.11849,22.673000000000002,17.8395,26.2595,1,31.691101,1743,8,ZTF21acgyvyz,Fink,8.2944566,0.87857145,32,0.0116667,0.19,0.06710934,0,18.5,2060,0,2299.454,814.6682,,Solar System MPC,2021-10-10 08:04:40.996,2021-10-10 08:04:40.996,0.0,Pisces,5.1998023799,2459497.8365856,18.4771509584858,18.81715105442,2.8377,5.133555608846896,2021.7735248920546,5.039290417881023,5.082872534753048
40,92,2459490.843137,01:15:42.01,0.6895210731,201.8042226105,61.2855178296,17.8667613451,18.8665779136,18.3209736763,18.7826736763,18.0292736763,0.1275149904,177.5950854273,1.1398520417,-0.1044705063,-0.0471864617,0.32078141590000003,8.5822420833,6.2953572222,10.3617620417,2.3843935556,nan,,,Unknown,,nan,nan,nan,nan,nan,0,0,0,3,0,0,,,,,,,,,,,,,,,nan,nan,nan,1736342963215015003,18.542578,0.984,6.2953463,20.750675,3.8397946,7.5218143,0.99997723,1,447,t,2459490.842963,2459490.842963,2459490.8392014,16.219055,23.13,17.736094,26.267094,2,32.68416,1736,6,ZTF21acfpkmb,Fink,8.5822294,0.9728570999999999,32,0.0,0.35100000000000003,0.061988752,0,18.5,2060,0,1294.8328,298.3699,,Solar System MPC,2021-10-03 08:13:52.003,2021-10-03 08:08:27.001,0.0037615998000000003,Pisces,5.0973991509,2459490.842963,18.5758383100035,18.81604247921,2.9232,5.018710464815928,2021.7543642821913,4.98750416328029,5.001931935257776
41,95,2459488.766944,23:17:47.81,22.7187394452,142.3381182672,57.6246344983,17.8671196512,18.8666637318,18.3315237872,18.7932237872,18.0398237872,0.18143715230000002,176.5790469363,1.1835413399,-0.1043513806,-0.0468189481,-0.9765785581,8.66810375,6.33441,10.4556667444,2.3867019722,nan,,,Unknown,,nan,nan,nan,nan,nan,0,0,0,3,0,0,,,,,,,,,,,,,,,nan,nan,nan,1734266773215015001,5.4048185,0.983,6.33438,20.429834,9.121021,14.732517,0.99999976,1,447,t,2459488.7667708,2459488.7667708,2459488.7667708,19.813253,23.1,17.778303,26.254303,1,14.735959,1734,5,ZTF21aceufkd,Fink,8.6680747,0.9557142999999999,32,1.0,0.297,0.055674948,0,18.5,2060,0,993.1955,153.2194,,Solar System MPC,2021-10-01 06:24:08.997,2021-10-01 06:24:08.997,0.0,Pisces,5.1395547266,2459488.7667708,18.6084738811613,18.81567982622,2.9439,5.057149642110613,2021.7486760843838,5.01274715682884,5.033275989191352
42,96,2459474.882627,01:09:38.44,0.5452258498,197.622726504,62.1744982561,17.9029022629,18.8672015933,18.4257074581,18.8874074581,18.1340074581,0.8835593788,163.1738580493,1.1304066556,-0.0995834502,-0.0432489556,-7.9555464134000005,9.2317979167,6.5860752778,11.0701567056,2.3978093333,nan,,,Unknown,,nan,nan,nan,nan,nan,0,0,0,3,0,0,,,,,,,,,,,,,,,nan,nan,nan,1720382456215015009,12.533682,1.0,6.586069,20.04089,1.1905292,14.628964,1.0,1,448,t,2459474.8824537,2459474.8824537,2459474.8815162,19.585993,22.928,18.00626,26.213259,2,41.122044,1720,3,ZTF21accvgvg,Fink,9.2318155,0.9857142600000001,62,0.5,0.254,0.05678266,0,18.6,2060,0,933.4268,2971.615,,Solar System MPC,2021-09-17 09:10:44.000,2021-09-17 09:09:23.000,0.0009375,Pisces,5.3631053471,2459474.8824537,18.8644371838138,18.81283888115,2.9858,5.255769056325901,2021.7106368594523,5.039538632648008,5.139509571013042
43,98,2459472.915475,01:49:11.16,1.1991843846,215.9358408114,58.4872160645,17.91255923,18.867272733100002,18.4368908897,18.8985908897,18.1451908897,0.984623686,161.1916381723,1.1725158989,-0.09822665010000001,-0.042517381,-8.8696285333,9.3087491667,6.6197847222,11.1537678056,2.3987719444,nan,,,Unknown,,nan,nan,nan,nan,nan,0,0,0,3,0,0,,,,,,,,,,,,,,,nan,nan,nan,1718415306215015013,7.2511873,0.977,6.6197676,20.334408,25.576622,6.129628,0.99999845,1,448,t,2459472.9153009,2459472.9153009,2458853.5870139,19.443623,22.744,17.990602,26.228603,2,40.294212,1718,5,ZTF21accitzt,Fink,9.3087886,0.89428574,62,0.0,0.199,0.06567258000000001,0,18.6,2060,0,629.7041,2897.5266,,Solar System MPC,2021-09-15 09:58:01.998,2020-01-05 02:05:18.001,619.3282870003,Pisces,5.3462681659,2459472.9153009,18.9137844078787,18.7739423029,3.0632,5.238932434098032,2021.7052473997264,4.997968892885641,5.109374822342861
44,100,2459470.895035,01:11:47.19,0.5706608713,198.4439382108,62.1411926298,17.9236262655,18.8673444928,18.4480206569,18.9097206569,18.1563206569,1.0873675101,159.1546286647,1.1307528249,-0.09681546490000001,-0.041632244900000004,-9.9257599856,9.3867041667,6.6537544444000005,11.2383945167,2.39959225,nan,,,Unknown,,nan,nan,nan,nan,nan,0,0,0,3,0,0,,,,,,,,,,,,,,,nan,nan,nan,1716394866215015026,5.1285295,0.983,6.6537404,20.64035,4.9001874999999995,2.8717318,1.0,1,448,t,2459470.8948611,2459470.8948611,2459470.8948611,18.535004,21.681,18.064934,26.224934,1,38.352833,1716,3,ZTF21acbvpzu,Fink,9.3867052,0.9785714,62,0.018125,0.135,0.04652445,0,18.6,2060,0,405.0747,2719.8174,,Solar System MPC,2021-09-13 09:28:35.999,2021-09-13 09:28:35.999,0.0,Pisces,5.419250706,2459470.8948611,18.8126125853139,18.77244076947,3.0987,5.325084726339963,2021.6997119482185,5.0589770452446325,5.182007995897869
45,101,2459466.914491,01:24:06.57,0.7660639977,204.3373178565,61.3092874017,17.9487919146,18.8674819954,18.4690347439,18.9307347439,18.1773347439,1.2857982811,155.1442732748,1.1395938711,-0.0934216073,-0.0397724337,-11.8268895831,9.5364329167,6.7185366667,11.4007409389,2.4007699444,nan,,,Unknown,,nan,nan,nan,nan,nan,0,0,0,3,0,0,,,,,,,,,,,,,,,nan,nan,nan,1712414316315015028,29.849577,1.0,6.7185267,20.839687,8.331608,8.687906,0.99999976,1,448,t,2459466.9143171,2459466.9143171,2459466.9143171,20.141144,23.061,18.10954,26.258541,1,23.672176,1712,9,ZTF21acadtub,Fink,9.5364309,0.9628570999999999,63,0.0442857,0.289,0.04984571,0,18.7,2060,0,2899.4873,2490.7263,,Solar System MPC,2021-09-09 09:56:36.997,2021-09-09 09:56:36.997,0.0,Pisces,5.4607941654,2459466.9143171,18.7104648919201,18.77092378205,3.1038,5.381688876666777,2021.6888063482188,5.067019920898165,5.212502458681073
46,103,2459464.927685,01:35:16.56,0.9473329035,209.4829402502,60.3096522859,17.9629876525,18.8675487053,18.4791282978,18.9408282978,18.1874282978,1.3825522093,153.1451755043,1.1507246563,-0.09148452130000001,-0.0387543693,-12.7438864473,9.6090225,6.7497063889,11.4793478472,2.4011364722,nan,,,Unknown,,nan,nan,nan,nan,nan,0,0,0,3,0,0,,,,,,,,,,,,,,,nan,nan,nan,1710427516315015016,3.1338966,0.983,6.7496874,20.601526,12.532412,23.538841,1.0,1,448,t,2459464.9275116,2459464.9275116,2459464.9275116,15.466695,23.47,18.086933,26.210934,1,24.087214,1710,5,ZTF21abzbswt,Fink,9.6090089,0.9742856999999999,63,0.00666667,0.35100000000000003,0.043473512000000006,0,18.7,2060,0,2659.1074,2386.973,,Solar System MPC,2021-09-07 10:15:37.002,2021-09-07 10:15:37.002,0.0,Pisces,5.4364627443,2459464.9275116,18.6263757751341,18.76966357509,3.0845,5.369008756128439,2021.683363045479,5.030661546934913,5.187091374990257
47,106,2459462.851215,23:36:58.37,22.9706628987,148.2778733262,59.815188425,17.9789584922,18.8676170588,18.4894305118,18.9511305118,18.1977305118,1.4818871222,151.0575807301,1.1564416915,-0.0893060084,-0.0375073073,-13.8980070202,9.68325125,6.7813836111,11.5596481917,2.4013400000000003,nan,,,Unknown,,nan,nan,nan,nan,nan,0,0,0,3,0,0,,,,,,,,,,,,,,,nan,nan,nan,1708351046315015015,11.97854,0.983,6.7813727,20.679092,15.684569,21.39662,1.0,1,448,t,2459462.8510417,2459462.8510417,2459462.8429282,19.753239,23.386,18.094704,26.293703,2,41.20223,1708,1,ZTF21abycnej,Fink,9.6832269,0.9285713999999999,63,0.5,0.362,0.045097068000000004,0,18.7,2060,0,2408.8926,2273.463,,Solar System MPC,2021-09-05 08:25:30.003,2021-09-05 08:13:48.996,0.0081135002,Pisces,5.4422960855,2459462.8510417,18.541960806883,18.76837800648,3.0431,5.386791997183678,2021.67767408685,5.024134899127283,5.191804044757989
48,107,2459460.913171,00:58:32.91,0.3257578089,190.7627000486,63.0688911933,17.9948863221,18.8676795956,18.4988219259,18.9605219259,18.2071219259,1.5726834972,149.1134893056,1.1213296472,-0.08720848540000001,-0.0364681776,-14.634245506,9.7507529167,6.8100758333,11.6326225167,2.4014283333,nan,,,Unknown,,nan,nan,nan,nan,nan,0,0,0,3,0,0,,,,,,,,,,,,,,,nan,nan,nan,1706412996315015026,21.843315,0.996,6.8100626,20.798157,8.598469,9.457823,1.0,1,448,t,2459460.9129977,2459460.9129977,2459460.9129977,18.572649,22.976,18.121358999999998,26.306358,1,28.634562,1706,4,ZTF21abxmqrl,Fink,9.7507351,0.9771428999999999,63,0.992625,0.222,0.057198945,0,18.7,2060,0,2182.5217,2176.7358,,Solar System MPC,2021-09-03 09:54:43.001,2021-09-03 09:54:43.001,0.0,Pisces,5.4670209997,2459460.9129977,18.4763178634026,18.76735744185,2.9948,5.421266246067731,2021.6723643772598,5.0363888659275995,5.214331230344371
49,110,2459453.958588,01:36:31.78,0.9436144263,209.5115461105,60.4744152002,18.0598106275,18.8678939976,18.5309650818,18.9926650818,18.2392650818,1.8823238106,142.162561763,1.1488510706,-0.078434469,-0.0321384929,-17.5215034424,9.9782041667,6.905525,11.878003916699999,2.4006511944,nan,,,Unknown,,nan,nan,nan,nan,nan,0,0,0,3,0,0,,,,,,,,,,,,,,,nan,nan,nan,1699458416315015011,6.7969146,1.0,6.9055168,19.804066,4.9353952,5.785611,1.0,1,448,t,2459453.9584144,2459453.9584144,2459453.9574653,16.879866,23.35,18.127256,26.303257,2,26.933378,1699,4,ZTF21abvwvkg,Fink,9.978202,0.9514286,63,0.0160417,0.247,0.06428283500000001,0,18.7,2060,0,1372.3419,1850.5804,,Solar System MPC,2021-08-27 11:00:07.004,2021-08-27 10:58:45.002,0.0009491001000000001,Pisces,5.4650729015,2459453.9584144,18.3639098749244,18.76554999234,2.8771,5.440623748966043,2021.6533107243836,4.979969168378818,5.1929460006864545
50,111,2459449.760776,20:35:07.84,19.9119679635,100.4596453703,27.6777689096,18.10453967,18.8680158412,18.5492867133,19.0109867133,18.2575867133,2.0556709715,137.9872323554,2.1446339722,-0.0716394489,-0.029026032400000002,-19.5915191393,10.1031366667,6.9570077778,12.0123969028,2.3993936389,nan,,,Unknown,,nan,nan,nan,nan,nan,0,0,0,3,0,0,,,,,,,,,,,,,,,nan,nan,nan,1695260606315015004,1.016917,0.989,6.9569717,18.689835,11.54566,10.659861,0.9999222999999999,1,448,t,2459449.7606019,2459449.7606019,2459449.7596644,17.224627,23.33,18.18266,26.03266,2,41.291084,1695,10,ZTF21abuwfoa,Fink,10.1031272,0.86285716,63,0.5,0.314,0.10952285,0,18.7,2060,0,877.1735,1639.958,,Solar System MPC,2021-08-23 06:15:16.004,2021-08-23 06:13:55.004,0.0009375,Pisces,5.5150914049,2459449.7606019,18.6962640597788,18.85252597975,3.0672,5.447038094008748,2021.6418098682193,4.943960863688944,5.176551180674457
51,112,2459446.955706,01:04:46.24,0.40079656020000004,193.260116325,63.0490872755,18.1365554141,18.8680940861,18.5610832978,19.0227832978,18.2693832978,2.1650760013,135.2104470979,1.1215261135,-0.06837415890000001,-0.0272409296,-20.2484406879,10.1807,6.9886824999999995,12.0957141917,2.3983618056,nan,,,Unknown,,nan,nan,nan,nan,nan,0,0,0,3,0,0,,,,,,,,,,,,,,,nan,nan,nan,1692455536315015010,4.8717036,0.983,6.9886752,20.438457,18.290922,20.558716,1.0,1,448,t,2459446.9555324,2459446.9555324,2459446.9555324,19.553198,23.141,18.247171,26.18217,1,42.00293,1692,4,ZTF21abulbij,Fink,10.1806751,0.9728570999999999,63,0.000625,0.331,0.055949576,0,18.8,2060,0,610.2711,1566.8892,,Solar System MPC,2021-08-20 10:55:57.999,2021-08-20 10:55:57.999,0.0,Pisces,5.5757567982000005,2459446.9555324,18.5998006558635,18.85313165854,3.0135,5.522712049729286,2021.6341247463013,4.99286050574844,5.237829530666197
52,114,2459442.963866,01:00:46.94,0.32751396920000003,190.8968955749,63.2817146918,18.1849499384,18.868201054300002,18.5773059862,19.0390059862,18.2856059862,2.3117553507,131.2688074457,1.1192310512,-0.062101904000000006,-0.024275909300000002,-21.6479785623,10.2828629167,7.0297966667,12.2052109361,2.3964614167000002,nan,,,Unknown,,nan,nan,nan,nan,nan,0,0,0,3,0,0,,,,,,,,,,,,,,,nan,nan,nan,1688463696315015009,18.426548,0.983,7.0298038,20.769938,13.770706,-999.0,0.9999953500000001,1,448,t,2459442.9636921,2459442.9636921,2459442.9636921,19.780115,23.46,18.286215,26.132214,1,65.584236,1688,0,ZTF21abtyhvy,Fink,10.2828433,0.9714286,63,-999.0,0.262,0.06508011,0,18.8,2060,0,269.6039,1385.2565,,Solar System MPC,2021-08-16 11:07:42.997,2021-08-16 11:07:42.997,0.0,Pisces,5.6090019743,2459442.9636921,18.5499733608781,18.85344508464,2.9732,5.567544947135962,2021.6231881975336,5.001797074479804,5.2633622360581285
53,116,2459429.921157,23:07:51.55,22.4282278472,134.9651617567,55.8795171005,18.363274671,18.8685147242,18.6255638421,19.0872638421,18.3338638421,2.7089353487,118.4981735366,1.2073403192,-0.0390551669,-0.0136569475,-25.6039030465,10.54138125,7.1293825,12.4805074583,2.3876397778,nan,,,Unknown,,nan,nan,nan,nan,nan,0,0,0,3,0,0,,,,,,,,,,,,,,,nan,nan,nan,1675420985815015007,6.7191114,0.987,7.129358,20.495064,13.560689,21.406992,0.9999998999999999,1,448,t,2459429.9209838,2459429.9209838,2459429.8988773,18.256092,22.536,18.343775,26.340775,2,35.421936,1675,4,ZTF21abquxhh,Fink,10.5413898,0.9657142999999999,58,0.0799583,0.213,0.06557,0,18.8,2060,0,2889.7075,1050.366,,Solar System MPC,2021-08-03 10:06:13.000,2021-08-03 09:34:22.999,0.0221065003,Pisces,5.6453357732,2459429.9209838,18.1991103640297,18.85577305807,2.3893,5.666302494017536,2021.5874547501376,5.0033541373819475,5.3098585051444775
54,118,2459426.974711,00:13:21.61,23.5171672082,164.0388248683,62.941701585,18.4071512537,18.8685779932,18.6354219381,19.0971219381,18.3437219381,2.7799412895,115.6389403076,1.1225949709,-0.033646933500000004,-0.0112353012,-26.1615522687,10.5825529167,7.1441227778,12.523908069400001,2.3852151389,nan,,,Unknown,,nan,nan,nan,nan,nan,0,0,0,3,0,0,,,,,,,,,,,,,,,nan,nan,nan,1672474535815015004,5.063699,0.983,7.1441233,20.050987,1.1874506,20.97397,0.99999833,1,448,t,2459426.974537,2459426.974537,2459426.9735995,16.392124,23.287,18.317347,26.281345,2,62.079426,1672,5,ZTF21abpyftf,Fink,10.5825573,0.98,58,0.5,0.34,0.067567155,0,18.8,2060,0,2755.3752,994.1815,,Solar System MPC,2021-07-31 11:23:19.997,2021-07-31 11:21:58.997,0.0009375,Pisces,5.6137182384,2459426.974537,18.1876938024477,18.85585641689,2.3587,5.641227517317706,2021.579382293151,4.960902122951293,5.275440507104333
55,120,2459418.961597,23:22:53.03,22.670671338200002,140.3721212964,57.9590433576,18.5315517295,18.8687359119,18.6602073157,19.1219073157,18.3685073157,2.9365844408,107.9098737007,1.1792108184,-0.0181354221,-0.0043789898,-27.6990422995,10.6608841667,7.1693233333,12.605363275,2.3779943056,nan,,,Unknown,,nan,nan,nan,nan,nan,0,0,0,3,0,0,,,,,,,,,,,,,,,nan,nan,nan,1664461425815015001,2.4801908,0.983,7.1693306,19.292952,2.9034534,13.266933,0.999763,1,448,t,2459418.9614236,2459418.9614236,2459418.9030556,20.225895,22.954,18.395973,26.053974,2,45.900505,1664,3,ZTF21abnuhvi,Fink,10.6609117,0.92714286,58,0.0115833,0.29,0.11708286400000001,0,18.9,2060,0,2466.3513,869.2667,,Solar System MPC,2021-07-23 11:04:26.999,2021-07-23 09:40:24.004,0.0583680002,Pisces,5.6777000382,2459418.9614236,18.1747225383923,18.85595217076,2.3228,5.721391713021427,2021.5574285578084,5.00273158328291,5.334993465369031
56,124,2459414.936991,22:31:34.99,21.8142986681,123.4065794998,49.9401457158,18.596290396,18.8688074205,18.6715040251,19.1332040251,18.3798040251,2.9947970472,104.0523901868,1.3055659539,-0.0100833951,-0.0008962747,-28.3253508629,10.68131,7.1737263889,12.6257536806,2.3741176111,nan,,,Unknown,,nan,nan,nan,nan,nan,0,0,0,3,0,0,,,,,,,,,,,,,,,nan,nan,nan,1660436815815015010,12.083242,1.0,7.1737076,20.582064,1.6134685,8.730345,0.99999964,1,448,t,2459414.9368171,2459414.9368171,2459414.9368171,15.204303,23.135,18.423225,26.266226,1,57.572704,1660,8,ZTF21abmxkdt,Fink,10.6813256,0.9871428600000001,58,0.012750000000000001,0.332,0.07491819999999999,0,18.9,2060,0,2412.3535,878.5836,,Solar System MPC,2021-07-19 10:29:00.997,2021-07-19 10:29:00.997,0.0,Pisces,5.6973711429,2459414.9368171,18.1506349066648,18.85613322938,2.2523,5.751502703678618,2021.5464022386295,5.018596404585459,5.357444792373537
57,125,2459410.958276,22:46:32.83,22.0631977796,127.718155594,52.4766950228,18.6614023013,18.8688729815,18.6818842938,19.1435842938,18.3901842938,3.0386802356000002,100.2536978793,1.2600707222,-0.0022645801,0.0025070789,-28.7248437297,10.6888454167,7.1726252778,12.6322091472,2.37017925,nan,,,Unknown,,nan,nan,nan,nan,nan,0,0,0,3,0,0,,,,,,,,,,,,,,,nan,nan,nan,1656458105815015005,1.9109600000000002,0.983,7.1726047,20.225714,18.36984,19.131008,0.99999833,1,448,t,2459410.9581019,2459410.9581019,2459410.9350231,15.204303,22.328,18.47199,26.064991,2,47.986153,1656,5,ZTF21abmdkco,Fink,10.6888341,0.9242857,58,0.0031249999999999997,0.21,0.06555986400000001,0,18.9,2060,0,2383.9795,873.8488,,Solar System MPC,2021-07-15 10:59:40.004,2021-07-15 10:26:25.996,0.0230787997,Pisces,5.7385388178,2459410.9581019,18.1502651148458,18.85613604443,2.2512,5.800311620424377,2021.5355016490407,5.056665940766942,5.4004795223247415
58,130,2459403.90309,20:59:15.80,20.2763178659,103.8299794633,32.2540438129,18.7786886127,18.8689766926,18.6982882456,19.1599882456,18.4065882456,3.0828726326,93.5513755395,1.8688261991,0.0123447855,0.0086145095,-29.2754302548,10.6710475,7.1573094444,12.6099470167,2.3629927778,nan,,,Unknown,,nan,nan,nan,nan,nan,0,0,0,3,0,0,,,,,,,,,,,,,,,nan,nan,nan,1649402915815015002,7.0299907,0.986,7.1572853,20.296787,15.053228,15.163335,0.9999996,1,448,t,2459403.9029167,2459403.9029167,2459403.9029167,15.849182,22.785,18.461397,26.032396,1,35.79374,1649,3,ZTF21abkfcsz,Fink,10.6710251,0.95714283,58,0.00458333,0.257,0.08403228,0,18.9,2060,0,2416.3557,917.4686,,Solar System MPC,2021-07-08 09:40:12.003,2021-07-08 09:40:12.003,0.0,Pisces,5.7143289571,2459403.9029167,18.1265178300112,18.85631930835,2.1765,5.792540468124605,2021.516172374521,5.03807973635417,5.38689349730307
59,131,2459401.917153,21:11:41.04,20.4841456229,105.995353121,34.7658579445,18.8119242556,18.8690029937,18.7024241709,19.1641241709,18.4107241709,3.087534107,91.6732153009,1.7498377387000001,0.0162139269,0.0102826129,-29.3038984009,10.658815,7.1499427778,12.5958828639,2.360962,nan,,,Unknown,,nan,nan,nan,nan,nan,0,0,0,3,0,0,,,,,,,,,,,,,,,nan,nan,nan,1647416975815015003,3.152885,0.912,7.1499174,20.145067,5.6665344,17.89323,0.99999464,1,448,t,2459401.9169792,2459401.9169792,2459401.9169792,17.003649,23.014,18.5119,26.2539,1,34.665916,1647,5,ZTF21abjvwtp,Fink,10.658850900000001,0.8471428999999999,58,0.0,0.23700000000000002,0.09024185,0,18.9,2060,0,2478.2598,947.6017,,Solar System MPC,2021-07-06 10:00:27.003,2021-07-06 10:00:27.003,0.0,Pisces,5.7609891259,2459401.9169792,18.1149994640929,18.85641010707,2.1383,5.8444132970532685,2021.5107314498637,5.088811778813175,5.438152965514225
60,132,2459399.921308,21:09:47.90,20.4537479927,105.6815790974,34.3943424734,18.8453551132,18.8690281465,18.7063626655,19.1680626655,18.4146626655,3.08880819,89.7892217238,1.7662668262999999,0.020169509800000002,0.0119511644,-29.3130489614,10.6433520833,7.1412038889,12.5783294,2.3589225556,nan,,,Unknown,,nan,nan,nan,nan,nan,0,0,0,3,0,0,,,,,,,,,,,,,,,nan,nan,nan,1645421135815015008,2.093505,0.983,7.1412138,20.099083,5.517123,8.983402,0.9999998999999999,1,448,t,2459399.9211343,2459399.9211343,2459399.9211343,17.003649,23.225,18.441904,26.152905,1,67.0009,1645,5,ZTF21abjkdno,Fink,10.6433723,0.9657142999999999,58,0.5,0.293,0.07632685,0,18.9,2060,0,2527.9458,973.8904,,Solar System MPC,2021-07-04 10:06:26.004,2021-07-04 10:06:26.004,0.0,Pisces,5.6871347109,2459399.9211343,18.0810811865,18.85668598903,2.0172,5.778455173632311,2021.505263381644,5.022541853476578,5.3720271971818105
61,133,2459392.951412,21:25:40.12,20.723498065,108.6729100194,37.5989408111,18.961775952,18.8691059267,18.7183579614,19.1800579614,18.4266579614,3.0667678283,83.2380963031,1.6360570063000002,0.0336128693,0.0176130727,-29.0703057005,10.56470875,7.1003986111,12.4904734833,2.3519080278,nan,,,Unknown,,nan,nan,nan,nan,nan,0,0,0,3,0,0,,,,,,,,,,,,,,,nan,nan,nan,1638451235815015002,1.4512364,0.982,7.1004418,19.07341,10.565188,11.376086,0.9993749999999999,1,448,t,2459392.9512384,2459392.9512384,2459392.931169,18.824135,22.961,18.521526,26.233526,2,30.339369,1638,3,ZTF21abietmt,Fink,10.5647261,0.75142854,58,0.041910699999999995,0.331,0.14669056,0,18.9,2060,0,2781.1096,1124.7058,,Solar System MPC,2021-06-27 10:49:46.998,2021-06-27 10:20:53.002,0.020069399800000002,Pisces,5.7533743337,2459392.9512384,18.0712389419905,18.85676876375,1.9795,5.859249981365176,2021.486167776438,5.108730522519451,5.4557220942225735
62,135,2459390.952118,21:18:48.16,20.6110305609,107.4316919886,36.2504679738,18.9949319858,18.8691253522,18.7212841701,19.1829841701,18.4295841701,3.0529794757,81.3664205008,1.6878037599,0.0374501437,0.0191965262,-28.9456204411,10.53519875,7.0858083333,12.4577874333,2.3499429444,nan,,,Unknown,,nan,nan,nan,nan,nan,0,0,0,3,0,0,,,,,,,,,,,,,,,nan,nan,nan,1636451945815015001,1.3416296,0.983,7.0858343,19.238028,7.148521,27.929798,0.9999841500000001,1,448,t,2459390.9519444,2459390.9519444,2459390.9519444,20.317553,23.017,18.618998,26.271997,1,59.999786,1636,1,ZTF21abiaqrj,Fink,10.5352448,0.8985714300000001,58,0.104643,0.309,0.11763913000000001,0,18.9,2060,0,2887.031,1188.9875,,Solar System MPC,2021-06-25 10:50:47.996,2021-06-25 10:50:47.996,0.0,Pisces,5.8470504378,2459390.9519444,18.0405258134474,18.85703661681,1.8528,5.96038482085655,2021.4806902586304,5.213239737741597,5.5586712167322165
0,1,2460160.899792,22:39:03.17,21.4859762534,116.2259609646,47.6782026685,18.3638738225,18.7655481067,18.6246721007,19.0863721007,18.3329721007,2.8761110232,111.8748207231,1.3512959321,-0.0253925846,-0.0092449257,-27.5458576848,17.473545,9.0926888889,19.573176513900002,1.5502579722,nan,,-0.3758781849,Unknown,,Unknown,None,None,None,None,0,0,0,3,0,0,0.0,0.0,0.0,0.0,0.0,0.0,0.0,0.0,0.0,0.0,0.0,0.0,0.0,0.0,Unknown,Unknown,Unknown,2406399610415015009,3.4284866,0.994,9.0927183,19.452473,10.80191,17.080786,0.9989089,1,501,t,2460160.8996181,2460160.8996181,2460160.8996181,20.071499,22.9,18.453356,26.349356,1,80.89526,2406,6,ZTF23aavxvls,Fink,17.473531,0.91,4,0.00125,0.318,0.12096887,0,18.6,2060,0,442.4998,2335.5522,,Solar System MPC,2023-08-04 09:35:27.004,2023-08-04 09:35:27.004,0.0,Pisces,5.7667282302,2460160.8996181,18.0598517017787,18.86789479811,1.8834,5.791167870650959,2023.5901359399998,5.367274669360067,5.4127267660881815
1,4,2460153.920151,22:40:51.07,21.5127159608,116.5904380214,47.990171294,18.4762815313,18.7673555677,18.645676166,19.107376166,18.353976166,2.9938179371,105.1536765741,1.3446744698,-0.0116458648,-0.0034768857,-28.6360842795,17.5220629167,9.1109366667,19.624443675,1.5489594443999999,nan,,-0.3758781849,Unknown,,Unknown,None,None,None,None,0,0,0,3,0,0,0.0,0.0,0.0,0.0,0.0,0.0,0.0,0.0,0.0,0.0,0.0,0.0,0.0,0.0,Unknown,Unknown,Unknown,2399419970415015014,4.028736,0.98,9.1109265,20.516764,10.087611,25.536026,0.9999956,1,501,t,2460153.9199769,2460153.9199769,2460153.9199769,17.192984,22.987,18.450718,26.222717,1,33.421005,2399,5,ZTF23aavdids,Fink,17.5220357,0.87285715,4,0.5,0.267,0.07536203400000001,0,18.7,2060,0,302.7719,2244.856,,Solar System MPC,2023-07-28 10:04:46.004,2023-07-28 10:04:46.004,0.0,Pisces,5.7506297329,2460153.9199769,17.9949279800151,18.86768040513,1.5737,5.796374879629905,2023.571013635342,5.355133543950366,5.402445800454301
2,6,2460149.951713,23:10:39.27,22.0087640143,124.5429576297,53.346869594,18.5419218848,18.7683761388,18.6565538414,19.1182538414,18.3648538414,3.042056915,101.3543386536,1.2457337954,-0.0038272197,-0.0001964102,-29.0510773283,17.5321804167,9.1141,19.6348903917,1.5480955,nan,,-0.3957170264,Unknown,,Unknown,None,None,None,None,0,0,0,3,0,0,0.0,0.0,0.0,0.0,0.0,0.0,0.0,0.0,0.0,0.0,0.0,0.0,0.0,0.0,Unknown,Unknown,Unknown,2395451530415015025,7.272264,0.983,9.1141044,20.673107,12.509772,21.350483,0.9999964,1,501,t,2460149.9515394,2460149.9515394,2460149.9241204,16.286594,23.251,18.565765,26.345766,2,21.366343,2395,1,ZTF23aaueewo,Fink,17.5321497,0.9728570999999999,4,0.9818749999999999,0.35100000000000003,0.06087289,0,18.7,2060,0,258.0277,2238.421,,Solar System MPC,2023-07-24 10:50:13.004,2023-07-24 10:10:44.003,0.0274189999,Pisces,5.8578577715,2460149.9515394,17.9789988430503,18.86761787087,1.4829,5.913352118546477,2023.5601412038357,5.465001121729351,5.5130757141347475
3,10,2460144.924086,22:11:03.01,21.0157262851,110.0113686612,42.2700649166,18.6263423738,18.7696617153,18.6691814348,19.1308814348,18.3774814348,3.0835260971,96.5621074867,1.4847931348,0.0065845064000000005,0.004064221000000001,-29.5210721688,17.5266266667,9.1105416667,19.6284643194,1.5468841111,nan,,-0.39566385,Fail 500,,Unknown,None,None,None,None,0,0,0,3,0,0,0.0,0.0,0.0,0.0,0.0,0.0,0.0,0.0,0.0,0.0,0.0,0.0,0.0,0.0,Unknown,Unknown,Unknown,2390423910415015023,3.9838953,0.984,9.1105585,20.356646,2.2535174,23.444304,0.99999523,1,501,t,2460144.923912,2460144.923912,2460144.8912731,16.286594,23.066,18.552929,26.35793,2,34.93719,2390,3,ZTF23aasxeba,Fink,17.526608799999998,0.9671428999999999,4,0.0025,0.28,0.06627298,0,18.7,2060,0,282.8482,2246.3933,,Solar System MPC,2023-07-19 10:10:25.997,2023-07-19 09:23:25.996,0.0326389,Pisces,5.8350088652,2460144.923912,17.9630281780653,18.86754952011,1.3836,5.902453751588789,2023.5463668821915,5.447990854287472,5.49672079735939
4,13,2460139.964016,22:48:59.59,21.649828166,118.643243344,49.5043076186,18.7104277087,18.7709219302,18.6803189501,19.1420189501,18.3886189501,3.1028061222,91.8589527279,1.3139778585,0.0163844629,0.0081436468,-29.6460969749,17.5008879167,9.0987747222,19.6004752833,1.5456413056,nan,,-0.3759313613,Unknown,,Unknown,None,None,None,None,0,0,0,3,0,0,0.0,0.0,0.0,0.0,0.0,0.0,0.0,0.0,0.0,0.0,0.0,0.0,0.0,0.0,Unknown,Unknown,Unknown,2385463840415015017,5.1075916,0.983,9.0987871,20.250656,3.43927,14.121232,0.9979593999999999,1,501,t,2460139.9638426,2460139.9638426,2460139.9638426,20.420942,21.518,18.583227,26.288227,1,14.117401,2385,7,ZTF23aarzidb,Fink,17.5008647,0.9657142999999999,4,0.175252,0.128,0.08505599999999999,0,18.7,2060,0,343.1031,2284.4753,,Solar System MPC,2023-07-14 11:07:56.001,2023-07-14 11:07:56.001,0.0,Pisces,5.8553804063,2460139.9638426,17.9488327039185,18.86748281296,1.2869,5.934476136538928,2023.5327776509591,5.477171668973221,5.526206300410331
5,16,2460133.950914,22:06:25.15,20.9441176633,109.1907216761,41.4026043338,18.8125796647,18.7724389268,18.6919978544,19.1536978544,18.4002978544,3.0977110433,86.1892481593,1.5099964476,0.028510092600000002,0.013055810400000001,-29.6309118983,17.4430141667,9.0736716667,19.5380532389,1.5441080556,nan,,-0.37635764850000003,Unknown,,Unknown,None,None,None,None,0,0,0,3,0,0,0.0,0.0,0.0,0.0,0.0,0.0,0.0,0.0,0.0,0.0,0.0,0.0,0.0,0.0,Unknown,Unknown,Unknown,2379450740415015009,1.9482452000000001,0.983,9.0736651,19.81541,5.697024,8.633386,0.9999679300000001,1,501,t,2460133.9507407,2460133.9507407,2460133.9507407,19.648659,22.978,18.61644,26.31144,1,55.0272,2379,2,ZTF23aaqqwvy,Fink,17.4430161,0.95428574,4,0.00291667,0.254,0.08926876,0,18.7,2060,0,549.1713,2370.7585,,Solar System MPC,2023-07-08 10:49:03.996,2023-07-08 10:49:03.996,0.0,Pisces,5.8765947394,2460133.9507407,17.9236671441585,18.8673453158,1.0884,5.9707516587370595,2023.5163033991785,5.514198125084658,5.563152237370339
6,18,2460127.9525,21:45:03.19,20.5937672277,105.2732069564,37.188693769,18.9137539564,18.7739404693,18.7015862858,19.1632862858,18.4098862858,3.0622329667,80.56724665,1.6513660529,0.040178528000000005,0.017759516700000002,-29.3106238628,17.3567704167,9.0371552778,19.4453638944,1.5426661944,nan,,-0.37635764850000003,Unknown,,Unknown,None,None,None,None,0,0,0,3,0,0,0.0,0.0,0.0,0.0,0.0,0.0,0.0,0.0,0.0,0.0,0.0,0.0,0.0,0.0,Unknown,Unknown,Unknown,2373452320415015008,1.33785,0.983,9.0371664,19.49098,8.800179,18.834507,0.99999976,1,501,t,2460127.9523264,2460127.9523264,2460127.9523264,19.31887,23.025,18.613316,26.219315,1,35.053516,2373,3,ZTF23aaqiwav,Fink,17.3567399,0.9400000000000001,4,0.9595,0.357,0.09359544,0,18.7,2060,0,859.0859,2497.856,,Solar System MPC,2023-07-02 10:51:21.001,2023-07-02 10:51:21.001,0.0,Pisces,5.8616501423,2460127.9523264,17.912598688108,18.86727355892,0.9857,5.96897728746214,2023.499869387398,5.517652660254694,5.56604610121846
7,21,2459951.63213,02:28:34.15,1.8037102911,228.7897147461,53.0556262933,18.8644042569,18.8128373224,18.6956371377,19.1573371377,18.4039371377,2.9869385162,85.5015218852,1.2504639278,0.032285387,0.006947287900000001,29.7288298046,10.0866358333,6.2411383333,11.7165880556,1.7472048056,nan,,,Unknown,,Unknown,nan,nan,nan,nan,0,0,0,3,0,0,,,,,,,,,,,,,,,Unknown,nan,nan,2197131954415015003,1.4362245,0.982,6.2411301,19.408691,10.433653,20.37146,0.9999984,1,448,t,2459951.631956,2459951.631956,2459951.631956,20.0585,23.407999,18.43566,26.363659,1,33.018536,2197,4,ZTF23aaaahou,Fink,10.0866086,0.87142855,44,0.0122083,0.292,0.08013213400000001,0,18.7,2060,0,956.2393,571.078,,Solar System MPC,2023-01-07 03:10:00.998,2023-01-07 03:10:00.998,0.0,Pisces,5.6851730264,2459951.631956,17.902942948447,18.86720242183,0.8846,5.792500316931928,2023.0167998794518,5.352272898908838,5.399476437737531
8,23,2459936.625613,01:20:01.12,0.6684761175,201.146678224,61.3290876662,18.6084375991,18.815678294,18.6636190063,19.1253190063,18.3719190063,2.9449499738,100.6848579282,1.1393790512,0.000419517,-0.0066396603,29.2316021149,9.9775104167,6.2396975,11.6161733111,1.7883899722,nan,,,Unknown,,Unknown,nan,nan,nan,nan,0,0,0,3,0,0,,,,,,,,,,,,,,,Unknown,nan,nan,2182125434415015004,1.5268464,0.983,6.2396819,20.249662,5.4284,19.982073,0.99999976,1,448,t,2459936.6254398,2459936.6254398,2459936.6254398,19.375494,22.427,18.457735,26.191736,1,42.544598,2182,2,ZTF22acajvjh,Fink,9.9775062,0.96,44,0.00166667,0.127,0.06574755,0,18.7,2060,0,1360.0912,556.1871,,Solar System MPC,2022-12-23 03:00:37.999,2022-12-23 03:00:37.999,0.0,Pisces,5.7365860528,2459936.6254398,17.8671578310988,18.86666458063,0.1821,5.818981988742403,2022.975686136438,5.384943016683986,5.431482997230247
9,25,2459934.681458,02:32:46.20,1.8810033077,230.256735491,52.3223481483,18.5758056189,18.8160409504,18.6585263677,19.1202263677,18.3668263677,2.9243030302,102.666131561,1.2626786670999999,-0.0035648998,-0.0084642902,29.138676321,9.977445,6.2455225,11.6183975806,1.7937743611,nan,,,Unknown,,Unknown,nan,nan,nan,nan,0,0,0,3,0,0,,,,,,,,,,,,,,,Unknown,nan,nan,2180181284415015000,8.226537,0.981,6.2454941,20.417213,10.329949,12.656571,0.9999992999999999,1,448,t,2459934.6812847,2459934.6812847,2459934.6812847,18.49174,23.325,18.477697,26.347698,1,54.637676,2180,2,ZTF22abztsit,Fink,9.9774239,0.95285714,44,0.005,0.304,0.08154568,0,18.7,2060,0,1341.6211,563.4749,,Solar System MPC,2022-12-21 04:21:02.998,2022-12-21 04:21:02.998,0.0,Pisces,5.7603174628,2459934.6812847,17.8668008862195,18.86657876563,0.1276,5.8389972471815454,2022.9703596841098,5.40800130751961,5.454214997853123
10,26,2459928.696794,02:31:15.52,1.8544679919,229.7878786767,52.5973610111,18.4771180523,18.8171495359,18.6415671377,19.1032671377,18.3498671377,2.8387708530999998,108.7826448238,1.258045676,-0.0162389309,-0.0137998617,28.2699551927,9.99764625,6.2719911111,11.6472603722,1.81025475,nan,,,Unknown,,Unknown,nan,nan,nan,nan,0,0,0,3,0,0,,,,,,,,,,,,,,,Unknown,nan,nan,2174196624415015003,1.1841902,0.977,6.2719504,20.046637,4.4611816,14.735562999999999,0.9999994999999999,1,448,t,2459928.6966204,2459928.6966204,2459928.6966204,12.686001,22.674,18.42819,26.24919,1,14.7191925,2174,2,ZTF22abyrtcx,Fink,9.9976381,0.86,44,0.9925,0.17,0.070712104,0,18.7,2060,0,1261.0493,475.1212,,Solar System MPC,2022-12-15 04:43:08.003,2022-12-15 04:43:08.003,0.0,Pisces,5.7222496513,2459928.6966204,17.8753361398802,18.86627936878,0.3841,5.788487607858354,2022.9539633435618,5.370097756094917,5.414959754245633
11,29,2459922.651528,01:02:14.46,0.3674367236,191.921307562,62.4744290148,18.3810285267,18.818257440700002,18.6225629759,19.0842629759,18.3308629759,2.7194203275,114.9843103141,1.1273158511,-0.0289063941,-0.0189213846,26.9331999699,10.0486833333,6.3114677778,11.7094342,1.8266923889000002,nan,,,Unknown,,Unknown,nan,nan,nan,nan,0,0,0,3,0,0,,,,,,,,,,,,,,,Unknown,nan,nan,2168151354415015001,2.353747,0.983,6.311434,19.636133,11.938490999999999,29.125383,0.9999886,1,448,t,2459922.6513542,2459922.6513542,2459922.6513542,19.351215,23.105999,18.478785,26.366783,1,41.3155,2168,1,ZTF22abyhyfv,Fink,10.0487058,0.8685714,44,0.001,0.321,0.09499142000000001,0,18.6,2060,0,1087.1028,341.6713,,Solar System MPC,2022-12-09 03:37:57.003,2022-12-09 03:37:57.003,0.0,Pisces,5.784038927,2459922.6513542,17.890756324235,18.86605361629,0.6462,5.837236175407709,2022.9374009704115,5.436436700359301,5.479412564216046
12,31,2459898.729086,01:19:36.40,0.6247565216000001,200.0505518852,61.8481651389,18.0570363403,18.8225244899,18.5303316424,18.9920316424,18.2386316424,1.9476741707,139.710734988,1.1338241199999999,-0.07263537960000001,-0.036512864,19.2996689923,10.5303270833,6.5813263889,12.2557718333,1.88758925,nan,,,Unknown,,Unknown,nan,nan,nan,nan,0,0,0,3,0,0,,,,,,,,,,,,,,,Unknown,nan,nan,2144228915815015015,10.71541,0.983,6.5813233,20.58647,0.80432767,23.27311,0.9999802,1,448,t,2459898.728912,2459898.728912,2459898.728912,17.619873,23.353,18.28207,26.36907,1,55.720184,2144,1,ZTF22abtvuvv,Fink,10.5302617,0.97,58,0.5,0.34600000000000003,0.0578003,0,18.6,2060,0,2933.0437,3033.5974,,Solar System MPC,2022-11-15 05:29:37.997,2022-11-15 05:29:37.997,0.0,Pisces,5.6254482853,2459898.728912,17.8984441722263,18.86596751248,0.744,5.639598181601386,2022.8718600328768,5.35254186401493,5.3833215780410635
13,35,2459879.830116,02:30:34.67,1.7652694761,228.7357702134,53.9223034095,17.8926285353,18.825763488,18.4377660165,18.8994660165,18.1460660165,1.0691790834,159.3044849519,1.2365853689,-0.0956067119,-0.0449688236,10.7624680085,11.16543375,6.8923138889,12.9582618472,1.92729625,nan,,,Unknown,,Unknown,nan,nan,nan,nan,0,0,0,3,0,0,,,,,,,,,,,,,,,Unknown,nan,nan,2125329945815015028,5.16814,0.8190000000000001,6.8922769,20.295225,5.5679493,15.852469,0.9999971400000001,1,448,t,2459879.8299421,2459879.8299421,2459879.8299421,8.787963,22.545,18.261114,26.351114,1,38.939243,2125,3,ZTF22abqryuq,Fink,11.1654248,0.86,58,0.5,0.159,0.07042657000000001,0,18.5,2060,0,672.6712,1972.7313,,Solar System MPC,2022-10-27 07:55:06.997,2022-10-27 07:55:06.997,0.0,Pisces,5.62398028,2459879.8299421,18.0238179474121,18.86508268931,1.6313,5.6035864739407035,2022.8200820331513,5.446006415048738,5.462902991963319
14,38,2459872.788727,01:03:13.01,0.29094875810000004,189.6954595815,63.3549923004,17.856848573,18.8269405272,18.3965729979,18.8582729979,18.1048729979,0.7041131481,166.5670080271,1.1185138527,-0.1009414387,-0.0464241861,7.0083053088,11.4399954167,7.0210897222,13.2596188,1.93949125,nan,,,Unknown,,Unknown,nan,nan,nan,nan,0,0,0,3,0,0,,,,,,,,,,,,,,,Unknown,nan,nan,2118288555915015020,4.2276077,0.975,7.0210539,20.33897,2.6036494,10.227542,0.9999998,1,448,t,2459872.7885532,2459872.7885532,2459872.7885532,20.16283,22.998,18.257746,26.380745,1,19.394146,2118,8,ZTF22abodtjf,Fink,11.4399801,0.94857144,59,0.00441667,0.279,0.06149758,0,18.4,2060,0,2795.8813,1482.7238,,Solar System MPC,2022-10-20 06:55:30.996,2022-10-20 06:55:30.996,0.0,Pisces,5.6248231675,2459872.7885532,18.043604788723,18.86497586784,1.7226,5.597848199446066,2022.8007905567129,5.494073076020185,5.505200399915829
15,41,2459865.762442,23:57:39.86,23.1793671194,153.7548170361,61.4222318106,17.835986838,18.8280989507,18.3480090462,18.8097090462,18.0563090462,0.33435803480000004,173.6784325822,1.1383713997,-0.1039103217,-0.046949821700000005,3.2096612777,11.7255725,7.1525627778,13.5720267472,1.9500632222,nan,,,Unknown,,Unknown,nan,nan,nan,nan,0,0,0,3,0,0,,,,,,,,,,,,,,,Unknown,nan,nan,2111262265915015004,1.6320069,0.983,7.1525207,19.695375,11.731803,19.506922,0.99999917,1,448,t,2459865.7622685,2459865.7622685,2459865.7622685,18.827559,23.491,18.153208,26.364206,1,35.090614,2111,5,ZTF22abmvieb,Fink,11.7255425,0.93714285,59,0.975833,0.34400000000000003,0.07595241,0,18.4,2060,0,1803.2421,1025.1311,,Solar System MPC,2022-10-13 06:17:39.998,2022-10-13 06:17:39.998,0.0,Pisces,5.5226899237,2459865.7622685,18.0633162806607,18.86487345751,1.8068,5.490951086662122,2022.7815404616438,5.441672009253278,5.4469559755595025
16,42,2459863.837107,01:37:35.47,0.8395185596,206.8174364445,61.3500831692,17.832888584,18.8284135741,18.3325916245,18.7942916245,18.0408916245,0.2369387263,175.5272085378,1.1391515001,-0.1043741227,-0.0470552897,2.3606917976,11.8050008333,7.188765,13.6587615444,1.9526973888999999,nan,,,Unknown,,Unknown,nan,nan,nan,nan,0,0,0,3,0,0,,,,,,,,,,,,,,,Unknown,nan,nan,2109336935915015004,1.962132,0.985,7.1887433,19.166693,5.702706,5.7023797,0.9694392700000001,1,448,t,2459863.8369329,2459863.8369329,2459863.8369329,14.980514,15.432,18.135645,26.367645,1,5.6991925,2109,6,ZTF22abmmhun,Fink,11.8049663,0.7171428999999999,59,0.9983329999999999,0.018000000000000002,0.08246339,0,18.4,2060,0,1519.8976,894.7246,,Solar System MPC,2022-10-11 08:05:11.003,2022-10-11 08:05:11.003,0.0,Pisces,5.505467873,2459863.8369329,18.7839158236367,18.84216403026,3.0925,5.391060432057079,2022.7762655695888,5.356139417398422,5.359883835405777
17,44,2459848.858901,01:09:55.30,0.3370484408,191.3692962981,63.6889733812,17.8473432723,18.8308199224,18.3853906573,18.8470906573,18.0936906573,0.6114148941,168.4399669225,1.1152796267,-0.1027781264,-0.044862462000000006,-5.5722393527000005,12.4246945833,7.4659208333,14.3331951278,1.9688262222000001,Unknown,,,Unknown,,Unknown,nan,nan,nan,nan,0,0,0,3,0,0,,,,,,,,,,,,,,,Unknown,nan,nan,2094358725315015010,5.540923,0.983,7.4658939,20.550583,6.1696744,13.844871,0.9999998999999999,1,448,t,2459848.8587269,2459848.8587269,2459848.8587269,15.447148,23.23,18.171188,26.313189,1,27.829084,2094,3,ZTF22abijzjt,Fink,12.4247022,0.9657142999999999,53,0.0,0.34700000000000003,0.07049395,0,18.4,2060,0,2851.698,2979.1692,,Solar System MPC,2022-09-26 08:36:34.004,2022-09-26 08:36:34.004,0.0,Pisces,5.5389739644,2459848.8587269,18.7827704500957,18.84215501148,3.0924,5.426736883803404,2022.7352293887673,5.336624014485647,5.346286398407365
18,47,2459846.870475,01:18:44.94,0.4787936796,196.0151650697,63.3031288829,17.8543700606,18.8311338725,18.3980928326,18.8597928326,18.1063928326,0.7163039742,166.4293596554,1.1190211778,-0.1018250121,-0.0442752485,-6.5848728292,12.5053295833,7.5013541667,14.4206809806,1.9704040556,nan,,,Unknown,,Unknown,nan,nan,nan,nan,0,0,0,3,0,0,,,,,,,,,,,,,,,Unknown,nan,nan,2092370305315015019,7.9203734,0.989,7.5013478,20.564194,7.4645314,13.953600999999999,1.0,1,448,t,2459846.8703009,2459846.8703009,2459846.8703009,15.173642,23.241,18.211584,26.344584,1,13.952389,2092,2,ZTF22abhsoef,Fink,12.505348,0.97,53,1.0,0.315,0.06457685,0,18.4,2060,0,2560.222,2828.4053,,Solar System MPC,2022-09-24 08:53:13.998,2022-09-24 08:53:13.998,0.0,Pisces,5.578478986,2459846.8703009,18.5991845243713,18.84067747969,3.0223,5.48863190812051,2022.729781646302,5.3830600500553105,5.3943800294509066
19,48,2459843.859051,00:50:25.54,23.9987036748,179.9557158774,64.1966994618,17.8672399553,18.8316068855,18.4163023257,18.8780023257,18.1246023257,0.8739343624,163.3785804307,1.1104703143,-0.1000851769,-0.043211469100000004,-8.1656953965,12.6258645833,7.5540438889,14.551337975,1.9725335833000002,Fail 504,,,Fail 504,,Unknown,nan,nan,nan,nan,0,0,0,3,0,0,,,,,,,,,,,,,,,Unknown,nan,nan,2089358875315015024,14.673215,0.877,7.554036,20.467007,10.074043,10.938855,0.99999857,1,448,t,2459843.8588773,2459843.8588773,2459843.8588773,15.975282,22.413,18.227076,26.337076,1,33.26868,2089,4,ZTF22abhakbd,Fink,12.6258767,0.9014285999999999,53,0.0025,0.17500000000000002,0.0750928,0,18.5,2060,0,2133.7166,2683.5425,,Solar System MPC,2022-09-21 08:36:46.999,2022-09-21 08:36:46.999,0.0,Pisces,5.5923517522,2459843.8588773,18.5664570873618,18.84040521738,2.9984,5.507979612726659,2022.7215311706843,5.379175532631143,5.392986595157384
20,50,2459839.901875,01:36:29.42,0.7561344091000001,204.7113110169,62.2067108373,17.8881538939,18.8322239511,18.4387524014,18.9004524014,18.1470524014,1.0775325485,159.3707980658,1.1300724106,-0.0971943589,-0.0416784747,-10.0534505949,12.7805870833,7.6212230556,14.7188562139,1.9748940556,nan,,,Unknown,,Unknown,nan,nan,nan,nan,0,0,0,3,0,0,,,,,,,,,,,,,,,Unknown,nan,nan,2085401705315015017,12.704004,1.0,7.6212272,20.35733,6.8230509999999995,6.972635,0.9999863,1,448,t,2459839.9017014,2459839.9017014,2459839.9017014,19.863026,21.517,18.275108,26.367107,1,6.9710503,2085,4,ZTF22abgajns,Fink,12.7805914,0.97,53,0.9950829999999999,0.078,0.061761644000000004,0,18.5,2060,0,1605.5236,2402.7427,,Solar System MPC,2022-09-17 09:38:27.001,2022-09-17 09:38:27.001,0.0,Pisces,5.6377723369,2459839.9017014,18.3315942876501,18.83831494429,2.7098,5.583896548934472,2022.7106895928769,5.425085321622878,5.442113911001747
21,51,2459839.809757,23:23:28.64,22.5390084284,136.8641567629,57.2450495382,17.8886958565,18.832238254700002,18.4392638601,18.9009638601,18.1475638601,1.0822717722,159.2765190112,1.1885446391,-0.0970206287,-0.0415007095,-10.3179850983,12.78419875,7.6227552778,14.7227526056,1.9749167778,nan,,,Unknown,,Unknown,nan,nan,nan,nan,0,0,0,3,0,0,,,,,,,,,,,,,,,Unknown,nan,nan,2085309585315015018,13.79863,0.983,7.6227619,20.493877,2.4964335,2.6413019,0.9999973999999999,1,448,t,2459839.8095833,2459839.8095833,2459839.8095833,19.863026,22.725,18.242456,26.332457,1,9.24126,2085,5,ZTF22abfyjve,Fink,12.7841933,0.98142856,53,0.000833333,0.297,0.06637464,0,18.5,2060,0,1573.9873,2397.5164,,Solar System MPC,2022-09-17 07:25:47.997,2022-09-17 07:25:47.997,0.0,Pisces,5.6050528988,2459839.8095833,18.2878898656672,18.83788806862,2.6297,5.556476951522248,2022.71043721452,5.396967237716348,5.414070722553804
22,54,2459822.900729,00:27:48.69,23.5716738786,165.4415023944,63.8343607699,18.0262676987,18.834816898,18.522925061,18.984625061,18.231225061,1.8797814653,142.2664961066,1.1138893151,-0.0787857768,-0.032426943300000004,-17.8317308917,13.37774875,7.8751969444,15.3631344528,1.9796068889,nan,,,Unknown,,Unknown,nan,nan,nan,nan,0,0,0,3,0,0,,,,,,,,,,,,,,,Unknown,nan,nan,2068400555215015008,3.6541314,0.87,7.8751521,20.38664,9.558092,26.620607,0.99999976,1,448,t,2459822.9005556,2459822.9005556,2459822.9005556,19.712631000000002,23.08,18.286608,26.286608,1,49.760468,2068,1,ZTF22abegnxm,Fink,13.3777104,0.88,52,0.951583,0.263,0.082030475,0,18.6,2060,0,2584.4036,1505.0221,,Solar System MPC,2022-08-31 09:36:48.004,2022-08-31 09:36:48.004,0.0,Pisces,5.6322719058,2459822.9005556,18.2589508289165,18.83759620976,2.5712,5.604101487567217,2022.6641111112328,5.327051479196281,5.356758263217946
23,56,2459819.900266,00:15:18.92,23.357354241,158.541294806,63.0397796071,18.0581397728,18.8352647221,18.5362397838,18.9979397838,18.2445397838,2.0054707233,139.2729094608,1.1216185209,-0.0745518881,-0.0304192879,-19.0544496151,13.4685404167,7.9129625,15.4607318472,1.9796112778000001,nan,,,Unknown,,Unknown,nan,nan,nan,nan,0,0,0,3,0,0,,,,,,,,,,,,,,,Unknown,nan,nan,2065400095215015009,4.5699916,0.908,7.9129476,20.773943,4.414237,11.858226,0.9999922,1,448,t,2459819.9000926,2459819.9000926,2459819.9000926,16.739586,23.295,18.342817,26.316818,1,73.59943,2065,4,ZTF22abdtfox,Fink,13.4684933,0.95285714,52,0.0258333,0.358,0.060939975,0,18.6,2060,0,2247.257,1374.927,,Solar System MPC,2022-08-28 09:36:08.001,2022-08-28 09:36:08.001,0.0,Pisces,5.6845933069,2459819.9000926,18.1286691206642,18.83616193379,2.2426,5.676025310895357,2022.6558906646574,5.380450697072224,5.412143788390866
24,57,2459817.920706,00:36:56.67,23.7140377891,170.1745989568,64.2716530089,18.0802855156,18.8355585652,18.5448032331,19.0065032331,18.2531032331,2.085263264,137.3029765856,1.1097711907,-0.07164399960000001,-0.0290727956,-19.7793735153,13.52556375,7.9365427778,15.5219719833,1.9794954444,nan,,,Unknown,,Unknown,nan,nan,nan,nan,0,0,0,3,0,0,,,,,,,,,,,,,,,Unknown,nan,nan,2063420535215015008,9.949291,0.88,7.9365075,20.596872,19.092722,26.817173,0.99997437,1,448,t,2459817.9205324,2459817.9205324,2459817.9205324,18.369158,22.682,18.355724,26.213724,1,44.51312,2063,1,ZTF22abdgdas,Fink,13.5255247,0.9557142999999999,52,0.0160417,0.34600000000000003,0.07934031,0,18.6,2060,0,2062.5417,1295.9756,,Solar System MPC,2022-08-26 10:05:33.999,2022-08-26 10:05:33.999,0.0,Pisces,5.6948050598,2459817.9205324,18.1035614423837,18.83585537125,2.1643,5.69197716287027,2022.6504672120543,5.384642392626323,5.417596470829277
25,58,2459815.921447,00:30:07.75,23.596770221,166.2317619762,63.9935355236,18.1035190678,18.8358540337,18.5532780374,19.0149780374,18.2615780374,2.1632329472,135.3174062857,1.1123793029,-0.0685730341,-0.027643008,-20.531840262,13.5807533333,7.9592411111,15.58119175,1.9792763889,nan,,,Unknown,,Unknown,nan,nan,nan,nan,0,0,0,3,0,0,,,,,,,,,,,,,,,Unknown,nan,nan,2061421275215015005,7.7482843,0.996,7.9592347,20.54752,5.8541083,6.71818,0.99999875,1,448,t,2459815.9212731,2459815.9212731,2459815.9212731,18.60909,23.076,18.313871,26.208872,1,12.711956,2061,3,ZTF22abcruxc,Fink,13.5807247,0.8971427999999999,52,0.022770799999999997,0.313,0.09798783,0,18.6,2060,0,1856.4263,1211.3439,,Solar System MPC,2022-08-24 10:06:37.996,2022-08-24 10:06:37.996,0.0,Pisces,5.6501293998,2459815.9212731,18.0803279048598,18.83555990603,2.0863,5.652946814253577,2022.6449897893156,5.334120547906496,5.368306805797257
26,61,2459813.837697,22:21:18.82,21.4461835048,116.8908626972,46.5043676699,18.128634157,18.8361605996,18.5619297568,19.0236297568,18.2702297568,2.2416372753,133.2516172326,1.3771740298,-0.0648947835,-0.0259949014,-21.4711569848,13.6356554167,7.9816691667,15.640041869400001,1.9789252222,nan,,,Unknown,,Unknown,nan,nan,nan,nan,0,0,0,3,0,0,,,,,,,,,,,,,,,Unknown,nan,nan,2059337525215015013,5.378371,0.991,7.9816303,20.402445,4.4133654,24.97109,0.99999976,1,448,t,2459813.8375231,2459813.8375231,2459813.8375231,18.174442,23.007,18.377354,26.187353,1,66.77143,2059,1,ZTF22abccmlo,Fink,13.6356228,0.97,52,0.33059499999999997,0.309,0.0772678,0,18.6,2060,0,1637.6945,1114.4219,,Solar System MPC,2022-08-22 08:06:01.996,2022-08-22 08:06:01.996,0.0,Pisces,5.7105666527,2459813.8375231,18.0581816562787,18.83526606606,2.0065,5.719125115499613,2022.6392808852054,5.38874329327681,5.424168599686894
27,63,2459803.957477,00:34:50.59,23.6569815227,168.1981630939,64.2695085935,18.2589079604,18.8375948918,18.600363733400002,19.0620637334,18.3086637334,2.5701486689,123.5294824335,1.1097911541,-0.0484408478,-0.0185378361,-24.3479706889,13.8560591667,8.0701977778,15.8756831722,1.9761933056,nan,,,Unknown,,Unknown,nan,nan,nan,nan,0,0,0,3,0,0,,,,,,,,,,,,,,,Unknown,nan,nan,2049457305215015001,5.313449,1.0,8.0701622,19.441923,11.509007,15.086544,0.9997102600000001,1,448,t,2459803.9573032,2459803.9573032,2459803.9573032,-999.0,22.805,18.311005,26.291004,1,-999.0,2049,4,ZTF22abadlmh,Fink,13.8560323,0.62714285,52,0.0945,0.275,0.14137061,0,18.7,2060,0,899.5601,802.6107,,Solar System MPC,2022-08-12 10:58:30.996,2022-08-12 10:58:30.996,0.0,Pisces,5.6285037377,2459803.9573032,18.0263097311501,18.83481824689,1.8808,5.656663686993717,2022.6122117895889,5.277864489652097,5.3184813660390535
28,66,2459801.91963,23:32:18.53,22.6122792714,138.0468063966,58.245283,18.2878491407,18.837886754,18.6077665007,19.0694665007,18.3160665007,2.6286964085999998,121.5372943006,1.1755607445,-0.0446673909,-0.016847016700000002,-24.9984510989,13.8930220833,8.0846652778,15.9150503889,1.9753963889000001,nan,,,Unknown,,Unknown,nan,nan,nan,nan,0,0,0,3,0,0,,,,,,,,,,,,,,,Unknown,nan,nan,2047419455215015000,5.5012274,1.0,8.0846571,19.885977,1.8253609,2.2608433,0.9997727999999999,1,448,t,2459801.919456,2459801.919456,2459801.919456,14.74939,22.686,18.341452,26.288452,1,18.637032,2047,9,ZTF22aazuuaw,Fink,13.893010499999999,0.9685714,52,0.0354673,0.354,0.08256604000000001,0,18.7,2060,0,749.6245,754.7218,,Solar System MPC,2022-08-10 10:04:00.998,2022-08-10 10:04:00.998,0.0,Pisces,5.6554779387,2459801.919456,17.8887346353383,18.83223963092,1.0833,5.704044032857576,2022.6066286465752,5.316615826201091,5.358157951129077
29,68,2459798.921829,23:23:39.34,22.4648069089,134.7008792603,56.9855747273,18.3315539929,18.8383136347,18.6183225969,19.0800225969,18.3266225969,2.7088060216,118.6150275692,1.1920192601,-0.0391437554,-0.0144129652,-25.7673716217,13.9418220833,8.1035238889,15.9669296944,1.9741258333,nan,,,Unknown,,Unknown,nan,nan,nan,nan,0,0,0,3,0,0,,,,,,,,,,,,,,,Unknown,nan,nan,2044421655215015005,5.735778,0.986,8.1035016,20.460712,8.312049,8.577286,0.9999992999999999,1,448,t,2459798.9216551,2459798.9216551,2459798.9216551,20.268147,22.871,18.413845,26.273846,1,39.275352,2044,7,ZTF22aazjnih,Fink,13.9418082,0.9714286,52,0.019458299999999998,0.267,0.06728631,0,18.7,2060,0,583.6853,674.8446,,Solar System MPC,2022-08-07 10:07:11.001,2022-08-07 10:07:11.001,0.0,Pisces,5.722638473,2459798.9216551,17.8881946324165,18.83222532742,1.0786,5.776504232842985,2022.5984154934242,5.377269138331746,5.420077260938388
30,70,2459783.933067,22:40:44.58,21.740246684,121.1245538233,49.8426024381,18.5664197059,18.8404039328,18.6649087552,19.1266087552,18.3732087552,2.9974191267,104.1408590218,1.3074326993,-0.0098614163,-0.0017504836000000001,-28.5514391633,14.082065,8.1529525,16.1141689972,1.9661067222000002,nan,,,Unknown,,Unknown,nan,nan,nan,nan,0,0,0,3,0,0,,,,,,,,,,,,,,,Unknown,nan,nan,2029432891015015023,6.098447,0.988,8.1529643,20.291805,4.2543674,12.893403,0.9999969,1,501,t,2459783.9328935,2459783.9328935,2459783.9328935,18.844498,23.105999,18.463469,26.324469,1,22.996065,2029,9,ZTF22aaviofa,Fink,14.082062,0.9257143,10,0.0070833300000000005,0.321,0.07842351,0,18.7,2060,0,2740.0107,2572.5747,,Solar System MPC,2022-07-23 10:23:21.998,2022-07-23 10:23:21.998,0.0,Pisces,5.7443771328,2459783.9328935,17.8672811217685,18.8316082683,0.875,5.828739589607434,2022.5573503931512,5.386967495631124,5.434336662879016
31,71,2459781.941088,22:44:26.38,21.8015103099,122.1113858627,50.4968146857,18.5991468026,18.8406761985,18.6702795483,19.1319795483,18.3785795483,3.021288221,102.2352072347,1.2950848121,-0.0059003094,-6.02812e-05,-28.7646727102,14.08724625,8.1537830556,16.1192238222,1.9648927222,nan,,,Unknown,,Unknown,nan,nan,nan,nan,0,0,0,3,0,0,,,,,,,,,,,,,,,Unknown,nan,nan,2027440911015015009,1.255074,0.9560000000000001,8.1537914,19.101583,9.062919,14.963965,0.99929047,1,501,t,2459781.9409144,2459781.9409144,2459781.9142014,18.844498,22.991,18.572727,25.942728,2,14.964952,2027,9,ZTF22aauwgmh,Fink,14.0872158,0.7285714,10,0.9973209999999999,0.333,0.12907639,0,18.7,2060,0,2700.4084,2545.191,,Solar System MPC,2022-07-21 10:34:55.004,2022-07-21 09:56:27.001,0.026713000100000002,Pisces,5.8497794598,2459781.9409144,17.8544107962952,18.83113526016,0.7174,5.939616871607912,2022.5518929161642,5.49432685126745,5.542073229399827
32,75,2459770.960301,22:28:48.75,21.5429727132,118.1239618489,47.6812620143,18.7827340345,18.842153749,18.6962017273,19.1579017273,18.4045017273,3.0913797332,91.8037687463,1.3512304881000001,0.0159717649,0.0091340209,-29.4219014859,14.0585445833,8.1343719444,16.0855007889,1.9579556667,nan,,,Unknown,,Unknown,nan,nan,nan,nan,0,0,0,3,0,0,,,,,,,,,,,,,,,Unknown,nan,nan,2016460121015015015,5.1561155,0.983,8.134362,20.44601,11.870113,16.99517,1.0,1,501,t,2459770.9601273,2459770.9601273,2459770.9601273,16.599438,23.111,18.480585,26.364586,1,16.976355,2016,3,ZTF22aaswzsq,Fink,14.0585423,0.9714286,10,1.0,0.34400000000000003,0.06450175,0,18.8,2060,0,2799.2822,2641.279,,Solar System MPC,2022-07-10 11:02:34.999,2022-07-10 11:02:34.999,0.0,Pisces,5.7361382393,2459770.9601273,17.847384021901,18.8308213133,0.6125,5.848365846005699,2022.5218085679455,5.3927454471610305,5.44159950374067
33,76,2459770.892361,20:50:42.66,19.9079780361,99.315772196,28.285001059,18.7838907936,18.842162768,18.696345125,19.158045125,18.404645125000002,3.0915170856,91.7388979614,2.1026698134,0.0166583949,0.0092582974,-29.5294320059,14.0580970833,8.1341219444,16.0849953361,1.9578960556,nan,,,Unknown,,Unknown,nan,nan,nan,nan,0,0,0,3,0,0,,,,,,,,,,,,,,,Unknown,nan,nan,2016392181015015011,4.4806013,0.983,8.1341081,20.082178,12.593632,18.650993,1.0,1,501,t,2459770.8921875,2459770.8921875,2459770.8921875,16.599438,23.111,18.353308,26.149307,1,18.631159,2016,3,ZTF22aasvqkt,Fink,14.0580811,0.9785714,10,1.0,0.34400000000000003,0.07921547400000001,0,18.8,2060,0,2785.2837,2624.3188,,Solar System MPC,2022-07-10 09:24:45.000,2022-07-10 09:24:45.000,0.0,Pisces,5.6087264711,2459770.8921875,17.8329277255655,18.828414989,0.2359,5.723125943615749,2022.5216224315066,5.267485301203266,5.316341528406543
